SKU	Name	Unit	Pack	ImageFile	LastWarehouse	LastSeen	SourceCommit
045				045.webp			images_list
106				106.webp			images_list
116				116.webp			images_list
124				124.webp			images_list
143				143.webp			images_list
148				148.webp			images_list
162				162.webp			images_list
166				166.webp			images_list
167				167.webp			images_list
225				225.webp			images_list
232				232.webp			images_list
234				234.webp			images_list
249				249.webp			images_list
298				298.webp			images_list
301				301.webp			images_list
319				319.webp			images_list
342				342.webp			images_list
352				352.webp			images_list
386				386.webp			images_list
406				406.webp			images_list
515				515.webp			images_list
585				585.webp			images_list
591				591.webp			images_list
608				608.webp			images_list
615				615.webp			images_list
622				622.webp			images_list
727				727.webp			images_list
796				796.webp			images_list
822				822.webp			images_list
837				837.webp			images_list
846				846.webp			images_list
973				973.webp			images_list
997				997.webp			images_list
1007				1007.webp			images_list
5050_1				5050_1.webp			images_list
5050_2				5050_2.webp			images_list
5050_3				5050_3.webp			images_list
5050_4				5050_4.webp			images_list
5050_5				5050_5.webp			images_list
5051_1				5051_1.webp			images_list
5051_2				5051_2.webp			images_list
5051_3				5051_3.webp			images_list
5052				5052.webp			images_list
5052_2				5052_2.webp			images_list
5052_3				5052_3.webp			images_list
5053_1				5053_1.webp			images_list
5053_2				5053_2.webp			images_list
5053_3				5053_3.webp			images_list
5053_4				5053_4.webp			images_list
5053_5				5053_5.webp			images_list
5053_6				5053_6.webp			images_list
7195				7195.webp			images_list
7269				7269.webp			images_list
7273				7273.webp			images_list
7275				7275.webp			images_list
7279				7279.webp			images_list
7280				7280.webp			images_list
7282				7282.webp			images_list
7283				7283.webp			images_list
10040				10040.webp			images_list
12303				12303.webp			images_list
12304				12304.webp			images_list
12305				12305.webp			images_list
14353_2				14353_2.webp			images_list
14355				14355.webp			images_list
20008				20008.webp			images_list
20612				20612.webp			images_list
20614				20614.webp			images_list
20618				20618.webp			images_list
20621				20621.webp			images_list
20622				20622.webp			images_list
20629				20629.webp			images_list
20640				20640.webp			images_list
20641				20641.webp			images_list
20642				20642.webp			images_list
20643				20643.webp			images_list
20706				20706.webp			images_list
21085_2				21085_2.webp			images_list
21611_2				21611_2.webp			images_list
21807				21807.webp			images_list
22270				22270.webp			images_list
22348				22348.webp			images_list
22355				22355.webp			images_list
22725				22725.webp			images_list
22726				22726.webp			images_list
22727				22727.webp			images_list
22728				22728.webp			images_list
22730				22730.webp			images_list
22733				22733.webp			images_list
22739				22739.webp			images_list
22740				22740.webp			images_list
22745				22745.webp			images_list
22767				22767.webp			images_list
22768				22768.webp			images_list
23896				23896.webp			images_list
23908				23908.webp			images_list
24251				24251.webp			images_list
24259				24259.webp			images_list
24260				24260.webp			images_list
24261				24261.webp			images_list
24263				24263.webp			images_list
24264				24264.webp			images_list
24811				24811.webp			images_list
24812				24812.webp			images_list
24813				24813.webp			images_list
24814				24814.webp			images_list
25516				25516.webp			images_list
25535				25535.webp			images_list
25536				25536.webp			images_list
25537				25537.webp			images_list
25538				25538.webp			images_list
25539				25539.webp			images_list
25540				25540.webp			images_list
25541				25541.webp			images_list
25542				25542.webp			images_list
25543				25543.webp			images_list
25548				25548.webp			images_list
25552				25552.webp			images_list
25553				25553.webp			images_list
25554				25554.webp			images_list
25555				25555.webp			images_list
25556				25556.webp			images_list
25557				25557.webp			images_list
25558				25558.webp			images_list
25559				25559.webp			images_list
25560				25560.webp			images_list
25561				25561.webp			images_list
25626				25626.webp			images_list
25629				25629.webp			images_list
25952				25952.webp			images_list
26323				26323.webp			images_list
26341				26341.webp			images_list
26342				26342.webp			images_list
26343				26343.webp			images_list
26428				26428.webp			images_list
26540				26540.webp			images_list
26574				26574.webp			images_list
28128				28128.webp			images_list
28558				28558.webp			images_list
28563				28563.webp			images_list
28565				28565.webp			images_list
28569				28569.webp			images_list
28570				28570.webp			images_list
28577				28577.webp			images_list
28626				28626.webp			images_list
28628				28628.webp			images_list
28685				28685.webp			images_list
28719				28719.webp			images_list
28721				28721.webp			images_list
29095				29095.webp			images_list
29098				29098.webp			images_list
29099				29099.webp			images_list
29201				29201.webp			images_list
29202				29202.webp			images_list
60458				60458.webp			images_list
200001				200001.webp			images_list
200040				200040.webp			images_list
300004				300004.webp			images_list
AR_282	حافظة 650 شفاف دائري 8ح	كرتون	36	AR_282.webp	jeddah	2026-09-17	4dcea4b0
AR_2816				AR_2816.webp			images_list
AR_2978				AR_2978.webp			images_list
AR_4813	ادوات تقشير	كرتون	60	AR_4813.webp	jeddah	2026-08-01	79c59c32
AR_10005				AR_10005.webp			images_list
AR_12758				AR_12758.webp			images_list
AR_13798	مجسم بحريات	كرتون	60	13798.webp	jeddah	2026-08-20	75c1a366
AR_20623				AR_20623.webp			images_list
AR_20638				AR_20638.webp			images_list
AR_20834	سفر طاولة ذهبي مستطيل	كرتون	72	AR20834.webp	jeddah	2026-08-01	79c59c32
AR_20837	سفر طاولة ذهبي مستطيل	كرتون	72	AR20837.webp	jeddah	2026-08-20	75c1a366
AR_20840	سفر طاولة ذهبي مستطيل	كرتون	72	AR20840.webp	jeddah	2026-08-20	75c1a366
AR_20843	سفر طاولة ذهبي مستطيل	كرتون	72	AR20843.webp	jeddah	2026-08-20	75c1a366
AR_20848	سفر طاولة ذهبي مستطيل	كرتون	72	AR20848.webp	jeddah	2026-08-20	75c1a366
AR_20850	سفر طاولة ذهبي مستطيل	كرتون	72	AR20850.webp	jeddah	2026-08-20	75c1a366
AR_20851	سفر طاولة ذهبي مستطيل	كرتون	72	AR20851.webp	jeddah	2026-08-20	75c1a366
AR_20853	سفر طاولة ذهبي مشجر	كرتون	72	AR20853.webp	jeddah	2026-08-20	75c1a366
AR_20854	سفر طاولة ذهبي مشجر	كرتون	72	AR20854.webp	jeddah	2026-08-20	75c1a366
AR_20856	سفر طاولة ذهبي مستطيل	كرتون	72	AR20856.webp	jeddah	2026-08-20	75c1a366
AR_20857	سفر طاولة ذهبي مستطيل	كرتون	72	AR20857.webp	jeddah	2026-08-20	75c1a366
AR_20858	سفر طاولة ذهبي مستطيل	كرتون	72	AR20858.webp	jeddah	2026-08-20	75c1a366
AR_20861	سفر طاولة ذهبي مستطيل	كرتون	72	AR20861.webp	jeddah	2026-08-20	75c1a366
AR_20863	سفر طاولة ذهبي دائري	كرتون	72	AR20863.webp	jeddah	2026-08-20	75c1a366
AR_20865	سفر طاولة ذهبي دائري	كرتون	72	20865.webp	jeddah	2026-08-20	75c1a366
AR_20868	سفر طاولة ذهبي دائري	كرتون	72	AR20868.webp	jeddah	2026-08-20	75c1a366
AR_20873	سفر طاولة ذهبي دائري	كرتون	72	AR20873.webp	jeddah	2026-08-20	75c1a366
AR_20875	سفر طاولة ذهبي دائري	كرتون	72	AR20875.webp	jeddah	2026-08-20	75c1a366
AR_20880	سفر طاولة ذهبي مشجر	كرتون	72	AR20880.webp	jeddah	2026-08-20	75c1a366
AR_20883	سفر طاولة ذهبي مشجر	كرتون	72	20883.webp	jeddah	2026-08-20	75c1a366
AR_20885	سفر طاولة ذهبي دائري	كرتون	72	AR20885.webp	jeddah	2026-08-20	75c1a366
AR_20888	سفر طاولة ذهبي دائري	كرتون	72	AR20888.webp	jeddah	2026-08-20	75c1a366
AR_20889	سفر طاولة ذهبي مشجر	كرتون	72	AR20889.webp	jeddah	2026-08-20	75c1a366
AR_20913	سفر طاولة ذهبي مستطيل	كرتون	72	AR20913.webp	jeddah	2026-08-20	75c1a366
AR_20916	سفر طاولة ذهبي دائري	كرتون	72	AR20916.webp	jeddah	2026-08-20	75c1a366
AR_20918	سفر طاولة ذهبي دائري	كرتون	72	AR20918.webp	jeddah	2026-08-20	75c1a366
AR_20919	سفر طاولة ذهبي دائري	كرتون	72	AR20919.webp	jeddah	2026-08-20	75c1a366
AR_20920	سفر طاولة ذهبي مشجر	كرتون	72	AR20920.webp	jeddah	2026-08-20	75c1a366
AR_20924	سفر طاولة ذهبي مشجر	كرتون	72	AR20924.webp	jeddah	2026-08-20	75c1a366
AR_20927	سفر طاولة ذهبي مشجر	كرتون	72	AR20927.webp	jeddah	2026-08-20	75c1a366
AR_21085	مراكن ورد مجسم	كرتون	60	AR21085.webp	jeddah	2026-08-20	75c1a366
AR_22091	خضاض وملقاط بلاستيك	كرتون	60	AR22091.webp	jeddah	2026-08-01	79c59c32
AR_22413	مباخر	كرتون	72	AR_22413.webp	jeddah	2026-08-01	79c59c32
AR_22414	مباخر	كرتون	72	AR_22414.webp	jeddah	2026-08-01	79c59c32
AR_22415	مباخر	كرتون	72	AR_22415.webp	jeddah	2026-08-01	79c59c32
AR_22507	مباخر	كرتون	72	AR22507.webp	jeddah	2026-08-01	79c59c32
AR_22510	مباخر	كرتون	72	AR22510.webp	jeddah	2026-08-01	79c59c32
AR_22873	قالب كيك مستطيل ذهبي 13*29 سم	كرتون	60	AR22873.webp	jeddah	2026-08-01	79c59c32
AR_23003	صحون تقديم خزف	كرتون	60	AR23003.webp	jeddah	2026-08-01	79c59c32
AR_23057	طفايات	كرتون	72	AR23057.webp	jeddah	2026-08-01	79c59c32
AR_23907	لصق شفاف 6 حبات 3.5سم	كرتون	48	23907.webp	jeddah	2026-08-01	79c59c32
AR_24725	حافظات	كرتون	48	AR_24725.webp	jeddah	2026-08-01	79c59c32
AR_25063				AR_25063.webp			images_list
AR_25097	صحن المنيوم	كرتون	72	AR_25097.webp	jeddah	2026-08-01	79c59c32
AR_25501	جاك بلاستيك رمضاني	كرتون	48	AR_25501.webp	jeddah	2026-08-01	79c59c32
AR_25677	مناشف شعر	كرتون	72	AR_25677.webp	jeddah	2026-09-06	3f96fdbd
AR_25682	مناشف شعر	كرتون	72	AR_25682.webp	jeddah	2026-08-01	79c59c32
AR_25932	مقلميه	كرتون	72	AR_25932.webp	jeddah	2026-08-01	79c59c32
AR_25971				AR_25971.webp			images_list
AR_25975				AR_25975.webp			images_list
AR_25981				AR_25981.webp			images_list
AR_26339	مجموعة عدد مفكات	كرتون	60	26339.webp	jeddah	2026-08-01	79c59c32
AR_26340	مجموعة عدد مفكات	كرتون	60	26340.webp	jeddah	2026-08-01	79c59c32
AR_26432	ورق نوتة	كرتون	72	AR_26432.webp	jeddah	2026-08-01	79c59c32
AR_26708	برطمان زجاج مدور 630 مل	كرتون	48	AR26708.webp	jeddah	2026-09-17	4dcea4b0
AR_26714	برطمان زجاج مربع 10*6 320 مل	كرتون	72	AR26714.webp	jeddah	2026-08-01	79c59c32
AR_26717	برطمان زجاج مربع 20*6 680 مل	كرتون	48	AR26717.webp	jeddah	2026-08-01	79c59c32
AR_26962				AR_26962.webp			images_list
AR_28205	فلتر قهوة	كرتون	72	AR_28205.webp	jeddah	2026-08-01	79c59c32
AR_28307				AR_28307.webp			images_list
AR_28317				AR_28317.webp			images_list
AR_28322	مراكن اشجار 5 حبه	كرتون	48	AR_28322.webp	jeddah	2026-08-01	79c59c32
AR_28370				AR_28370.webp			images_list
AR_28371				AR_28371.webp			images_list
AR_28372				AR_28372.webp			images_list
AR_28559	لصق شفاف 8 حبه  2.8سم	كرتون	48	AR_28559.webp	jeddah	2026-08-01	79c59c32
AR_28560	لصق شفاف جهتين	كرتون	60	AR_28560.webp	jeddah	2026-08-01	79c59c32
AR_28562	لصق تغليف شفاف سم4.8×350 يارده	كرتون	36	28562.webp	jeddah	2026-09-06	3f96fdbd
AR_28566	لصق تغليف سم4.8×350 يارده	كرتون	36	28566.webp	jeddah	2026-08-01	79c59c32
AR_28567	لصق تغليف مقاس سم 4.5×170 يارده	كرتون	48	28567.webp	jeddah	2026-09-06	3f96fdbd
AR_28568	غراء حراري	كرتون	72	28568.webp	jeddah	2026-09-17	4dcea4b0
AR_28589				AR_28589.webp			images_list
AR_28629				AR_28629.webp			images_list
AR_28658				AR_28658.webp			images_list
AR_28672	العاب تعليم	كرتون	60	AR_28672.webp	jeddah	2026-09-06	3f96fdbd
AR_28675	العاب تعليم	كرتون	72	AR_28675.webp	jeddah	2026-08-20	75c1a366
AR_28680	سبورة رسم مغناطيسية	كرتون	96	AR_28680.webp	jeddah	2026-08-01	79c59c32
AR_28745	اكواب سيراميك شخصيات	كرتون	48	AR_28745.webp	jeddah	2026-09-06	3f96fdbd
AR_28847	صحون تقديم	كرتون	60	AR_28847.webp	jeddah	2026-09-17	4dcea4b0
AR_28918	الوان مائيه	كرتون	48	AR_28918.webp	jeddah	2026-08-01	79c59c32
AR_28924	برطمان زجاج مدور 510 مل	كرتون	72	AR28924.webp	jeddah	2026-09-17	4dcea4b0
AR_28926	برطمان زجاج مدور 790 مل	كرتون	60	AR28926.webp	jeddah	2026-08-01	79c59c32
AR_28927	برطمان زجاج مدور 950 مل	كرتون	48	AR_28927.webp	jeddah	2026-08-01	79c59c32
AR_28929	برطمان زجاج مدور بملعقة 220 مل	كرتون	72	AR_28929.webp	jeddah	2026-09-06	3f96fdbd
AR_28930	برطمان زجاج  مدور بملعقة 300 مل	كرتون	72	AR_28930.webp	jeddah	2026-09-06	3f96fdbd
AR_28931	برطمان زجاج مدور بملعقة 360 مل	كرتون	60	AR_28931.webp	jeddah	2026-09-06	3f96fdbd
AR_28933	برطمان زجاج مدور بملعقة 560 مل	كرتون	48	AR_28933.webp	jeddah	2026-09-06	3f96fdbd
AR_28937	براد شاي ml1800 سادة	كرتون	24	AR_28937.webp	riyadh	2026-09-06	3c421ea7
AR_28984				AR_28984.webp			images_list
AR_28986	اكواب بلاستيك شفاف بمقبض 5 قطع	كرتون	36	AR_28986.webp	jeddah	2026-08-01	79c59c32
AR_28995				AR_28995.webp			images_list
AR_29197	حبل بلاستيك متعدد الاستخدام	كرتون	72	AR_29197.webp	jeddah	2026-08-01	79c59c32
AR_29200	حبل غسيل بلاستيك 10متر * 8.2مم	كرتون	72	29200.webp	jeddah	2026-08-01	79c59c32
AR-24380				AR-24380.webp			images_list
AR11249				AR11249.webp			images_list
AR12743				AR12743.webp			images_list
AR12745				AR12745.webp			images_list
AR12746				AR12746.webp			images_list
AR14351				AR14351.webp			images_list
AR14353				AR14353.webp			images_list
AR14353_24				AR14353_24.webp			images_list
AR14354				AR14354.webp			images_list
AR14357				AR14357.webp			images_list
AR14358				AR14358.webp			images_list
AR14359				AR14359.webp			images_list
AR14360				AR14360.webp			images_list
AR20533				AR20533.webp			images_list
AR20538				AR20538.webp			images_list
AR20539				AR20539.webp			images_list
AR20737				AR20737.webp			images_list
AR20741				AR20741.webp			images_list
AR20746				AR20746.webp			images_list
AR20747				AR20747.webp			images_list
AR20748				AR20748.webp			images_list
AR20754				AR20754.webp			images_list
AR20898				AR20898.webp			images_list
AR20900				AR20900.webp			images_list
AR20904				AR20904.webp			images_list
AR20905				AR20905.webp			images_list
AR20906				AR20906.webp			images_list
AR20908				AR20908.webp			images_list
AR20910				AR20910.webp			images_list
AR20994				AR20994.webp			images_list
AR20995				AR20995.webp			images_list
AR20996				AR20996.webp			images_list
AR20997				AR20997.webp			images_list
AR21085_42				AR21085_42.webp			images_list
AR21116				AR21116.webp			images_list
AR21117				AR21117.webp			images_list
AR21119				AR21119.webp			images_list
AR21120				AR21120.webp			images_list
AR21121				AR21121.webp			images_list
AR21122				AR21122.webp			images_list
AR21123				AR21123.webp			images_list
AR21124				AR21124.webp			images_list
AR21125				AR21125.webp			images_list
AR21127				AR21127.webp			images_list
AR21128				AR21128.webp			images_list
AR21130				AR21130.webp			images_list
AR21551				AR21551.webp			images_list
AR21552				AR21552.webp			images_list
AR21553				AR21553.webp			images_list
AR21611				AR21611.webp			images_list
AR21611_8				AR21611_8.webp			images_list
AR21612				AR21612.webp			images_list
AR21613				AR21613.webp			images_list
AR21615				AR21615.webp			images_list
AR21616				AR21616.webp			images_list
AR21617				AR21617.webp			images_list
AR21618				AR21618.webp			images_list
AR21619				AR21619.webp			images_list
AR21776				AR21776.webp			images_list
AR21777				AR21777.webp			images_list
AR21808				AR21808.webp			images_list
AR21946				AR21946.webp			images_list
AR21993				AR21993.webp			images_list
AR22267				AR22267.webp			images_list
AR22272				AR22272.webp			images_list
AR22278				AR22278.webp			images_list
AR22280				AR22280.webp			images_list
AR22281				AR22281.webp			images_list
AR23039				AR23039.webp			images_list
AR23053				AR23053.webp			images_list
AR23057_13				AR23057_13.webp			images_list
AR23168				AR23168.webp			images_list
AR23669				AR23669.webp			images_list
AR23888				AR23888.webp			images_list
AR24763				AR24763.webp			images_list
AR24764				AR24764.webp			images_list
AR24765				AR24765.webp			images_list
AR24902				AR24902.webp			images_list
AR24915				AR24915.webp			images_list
AR25046				AR25046.webp			images_list
AR25818				AR25818.webp			images_list
AR26707				AR26707.webp			images_list
AR26738				AR26738.webp			images_list
AR26739				AR26739.webp			images_list
AR26740				AR26740.webp			images_list
AR28244				AR28244.webp			images_list
AR28245				AR28245.webp			images_list
AR28919				AR28919.webp			images_list
AR28920				AR28920.webp			images_list
AR28921				AR28921.webp			images_list
ARAR26737				ARAR26737.webp			images_list
ARM_10002				ARM_10002.webp			images_list
ARM_10003				ARM_10003.webp			images_list
ARM_10010	برطمان 750 مل دائري - غطاء اصفر	كرتون	24	ARM_10010.webp	jeddah	2026-08-01	79c59c32
ARM_10019				ARM_10019.webp			images_list
ARM_10020				ARM_10020.webp			images_list
ARM_10023				ARM_10023.webp			images_list
ARM_10025				ARM_10025.webp			images_list
ARM_10027	برطمان 750 مل دائري - غطاء شفاف	كرتون	24	ARM_10027.webp	jeddah	2026-08-01	79c59c32
ARM_10035	علب عصير 200 مل - غطاء اسود	كرتون	66	ARM_10035.webp	jeddah	2026-08-01	79c59c32
ARM203				ARM203.webp			images_list
ARM217				ARM217.webp			images_list
BA_076	علبة مونة مستطيل 2.5 لتر	كرتون	40	076.webp	jeddah	2026-09-06	3f96fdbd
BA_083	علبة مونة مستطيل 3.5 لتر	كرتون	36	083.webp	jeddah	2026-09-06	3f96fdbd
BA_126	قوار مربع 40 كرميدي	كرتون	12	126.webp	jeddah	2026-09-06	3f96fdbd
BA_142	سطل نفايات 25 لتر	كرتون	12	BA_142.webp	jeddah	2026-09-17	4dcea4b0
BA_179	طاولة  الشريف	كرتون	1	179.webp	jeddah	2026-09-17	4dcea4b0
BA_186	درج معالق قطعتين	كرتون	20	186.webp	jeddah	2026-09-06	3f96fdbd
BA_193	منظم خضار 4 قطع ملون	كرتون	6	193.webp	jeddah	2026-09-17	4dcea4b0
BA_209	منظم خضار 3 قطع ملون	كرتون	6	209.webp	jeddah	2026-09-17	4dcea4b0
BA_273	حافظة ثلاجة	كرتون	30	273.webp	jeddah	2026-09-06	3f96fdbd
BA_287	قوار مربع 35 كرميدي	كرتون	12	BA_287.webp	jeddah	2026-09-17	4dcea4b0
BA_357_C	رف خضار مدور 4 قطع	كرتون	10	357.webp	jeddah	2026-09-06	3f96fdbd
BA_362	ابريق كبير + صغير	كرتون	12	BA_362.webp	jeddah	2026-09-17	4dcea4b0
BA_423	قوار مدور 25 كرميدي	كرتون	24	BA_423.webp	jeddah	2026-09-17	4dcea4b0
BA_437	رف خضار دانتيل 3 قطع	كرتون	6	437.webp	jeddah	2026-09-06	3f96fdbd
BA_468	رف خضار دانتيل 4قطع	كرتون	6	468.webp	jeddah	2026-09-06	3f96fdbd
BA_512	رف زاوية 4 قطع	كرتون	10	BA_512.webp	jeddah	2026-09-17	4dcea4b0
BA_522				BA_522.webp			images_list
BA_529	رف زاوية 3 قطع	كرتون	12	BA_529.webp	jeddah	2026-09-17	4dcea4b0
BA_546				BA_546.webp			images_list
BA_595				BA_595.webp			images_list
BA_653	طاولة	كرتون	1	BA_653.webp	jeddah	2026-09-17	4dcea4b0
BA_656	زاوية شبك	كرتون	12	656.webp	jeddah	2026-09-06	3f96fdbd
BA_669	سطل 17 لتر	كرتون	24	669.webp	jeddah	2026-09-17	4dcea4b0
BA_690	قوار مدور 40 كرميدي	كرتون	12	690.webp	jeddah	2026-09-06	3f96fdbd
BA_710_M	مشك صحون طابقين دانتيل	كرتون	6	710.webp	jeddah	2026-09-06	3f96fdbd
BA_802	حافظة 55 لتر	كرتون	6	802.webp	jeddah	2026-09-06	3f96fdbd
BA_959	قوار مستطيل 55 كرميدي	كرتون	12	959.webp	jeddah	2026-09-06	3f96fdbd
BA_1008	حاجز باب 110	كرتون	48	AR_1008.webp	jeddah	2026-09-06	3f96fdbd
BA_1009	حاجز باب 120	كرتون	48	1009.webp	jeddah	2026-09-06	3f96fdbd
BA_4001	مناشف مطبخ مقاس 30*20 عدد 1 حبة - ملون	كرتون	96	BA_4001.webp	jeddah	2026-08-01	79c59c32
BA_4002_A	مناشف مطبخ مقاس 16*27 عدد 2 حبة - ملون	كرتون	108	BA_4002.webp	jeddah	2026-08-01	79c59c32
BA_4003				BA_4003.webp			images_list
BA_4004				BA_4004.webp			images_list
BA_4005				BA_4005.webp			images_list
BA_5054	أحذية	كرتون	40	5054.webp	riyadh	2026-09-17	569f5f43
BA_7152	مناشف مطبخ 3 حبة 12*12 سادة - ملون	كرتون	144	BA_7152.webp	jeddah	2026-08-01	79c59c32
BA_7237	مناشف مطبخ ملون 4 حبة 12*12	كرتون	144	BA_7237.webp	jeddah	2026-08-01	79c59c32
BA_7239	مناشف مطبخ ملون 2 حبة 16*19	كرتون	180	BA_7239.webp	jeddah	2026-08-01	79c59c32
BA_7242	مناشف مطبخ ابيض 4 حبة 12*12	كرتون	144	BA_7242.webp	jeddah	2026-08-01	79c59c32
BA_7268	مناشف جسم 1 حبة 27*54 - ملون	كرتون	168	7268.webp	riyadh	2026-08-20	7254cdf5
BA_7271	اغطية سرير - ملون	كرتون	30	BA7271.webp	riyadh	2026-08-20	7254cdf5
BA_7272	اغطية سرير - ابيض	كرتون	60	BA7272.webp	riyadh	2026-08-01	a4ac3224
BA_7274	شنط قهوة	كرتون	48	7274.webp	riyadh	2026-08-01	a4ac3224
BA_7276	شنط قهوة	كرتون	24	7276.webp	riyadh	2026-08-01	a4ac3224
BA_7277	شنط قهوة	كرتون	24	7277.webp	riyadh	2026-08-01	a4ac3224
BA_7278	شنط قهوة	كرتون	24	7278.webp	jeddah	2026-09-17	4dcea4b0
BA_7304				BA_7304.webp			images_list
BA7270				BA7270.webp			images_list
BA7292				BA7292.webp			images_list
CD_650				CD_650.webp			images_list
CD_950				CD_950.webp			images_list
EAK_300040	قفل درج ذهبي	كرتون	120	EAK300040.webp	jeddah	2026-08-01	79c59c32
EAK300028				EAK300028.webp			images_list
EAK300029				EAK300029.webp			images_list
EAK300030				EAK300030.webp			images_list
EAK300031				EAK300031.webp			images_list
EAK300035				EAK300035.webp			images_list
EAK300036				EAK300036.webp			images_list
EAK300037				EAK300037.webp			images_list
EAK300039				EAK300039.webp			images_list
JAA_300021				JAA_300021.webp			images_list
LG_2320				LG_2320.webp			images_list
M_201				M_201.webp			images_list
M_202				M_202.webp			images_list
M_204				M_204.webp			images_list
M_205				M_205.webp			images_list
M_206				M_206.webp			images_list
M_208				M_208.webp			images_list
M_213				M_213.webp			images_list
M_214				M_214.webp			images_list
M_216				M_216.webp			images_list
M_218				M_218.webp			images_list
M_219				M_219.webp			images_list
M_221				M_221.webp			images_list
M_224				M_224.webp			images_list
M_226				M_226.webp			images_list
M222				M222.webp			images_list
OGS_25544	احذية	كرتون	24	25544.webp	jeddah	2026-09-17	4dcea4b0
OGS_230045	كوب سفر 900 مل ستيل	كرتون	25	OGS_230045.webp	jeddah	2026-08-01	79c59c32
OGS_230047	كوب سفر 900 مل أسود	كرتون	25	OGS_230047.webp	jeddah	2026-08-01	79c59c32
OGS_230062				OGS_230062.webp			images_list
OGS_230080	مجات 500 ملي	كرتون	50	OGS_230080.webp	jeddah	2026-09-06	3f96fdbd
OGS_230083	مجات 500 ملي	كرتون	50	OGS_230083.webp	jeddah	2026-09-06	3f96fdbd
OGS_230084				OGS_230084.webp			images_list
OGS_230087				OGS_230087.webp			images_list
OGS_230092				OGS_230092.webp			images_list
OGS_230098	مجات 500 ملي	كرتون	50	OGS_230098.webp	jeddah	2026-08-20	75c1a366
OGS_230105	مجات 750ml راقي	كرتون	30	OGS_230105.webp	jeddah	2026-09-06	3f96fdbd
OGS_230122				OGS_230122.webp			images_list
OGS230071	مطارات رياضية راقي	كرتون	50	OGS_230071.webp	jeddah	2026-08-20	75c1a366
OV_750				OV_750.webp			images_list
R_1200				R_1200.webp			images_list
RD_500				RD_500.webp			images_list
RD_1000				RD_1000.webp			images_list
STYLEOGS230112				STYLE#OGS230112.webp			images_list
UAA200163				UAA200163.webp			images_list
