رقم الصنف	اسم الصنف	الوحدة	الكمية المتوفرة	الشد	التكلفة
120005	حصالات كبير L	كرتون	8.5	36	130
120012	حصالات صغير S 2 حبة	كرتون	1.5	36	130
ARM_10004	برطمان 150 مل دائري - غطاء اصفر	كرتون	3	60	185
ARM_10005	برطمان 200 مل دائري - غطاء اصفر	كرتون	5	48	150
ARM_10006	برطمان 250 مل دائري - غطاء اصفر	كرتون	17	42	130
ARM_10007	برطمان 300 مل دائري - غطاء اصفر	كرتون	15	63	195
ARM_10008	برطمان 400 مل مضلع - غطاء اصفر	كرتون	30	36	110
ARM_10009	برطمان 500 مل دائري - غطاء اصفر	كرتون	1	42	125
ARM_10010	برطمان 750 مل دائري - غطاء اصفر	كرتون	25	24	75
ARM_10011_24	برطمان 1000 مل دائري  - غطاء اصفر	كرتون	3	24	70
ARM_10013	برطمان 2000 مل دائري - غطاء اصفر	كرتون	23	36	115
ARM_10014	برطمان 3000 مل دائري - غطاء اصفر	كرتون	56	32	92
ARM_10015	برطمان 4000 مل دائري  - غطاء اصفر	كرتون	44	32	92
ARM_10016	برطمان 5000 مل دائري  - غطاء اصفر	كرتون	14	24	70
ARM_10017	برطمان 6000 مل دائري  - غطاء اصفر	كرتون	19	18	53
ARM_10021	برطمان 150مل دائري - غطاء شفاف	كرتون	15	60	185
ARM_10022	برطمان 200 مل دائري - غطاء شفاف	كرتون	33	48	150
ARM_10023	برطمان 250 مل دائري - غطاء شفاف	كرتون	13	42	130
ARM_10024	برطمان 300 مل دائري - غطاء شفاف	كرتون	25	63	195
ARM_10025_36	برطمان 400 مل دائري - غطاء شفاف	كرتون	30	36	108
ARM_10026	برطمان 500 مل دائري - غطاء شفاف	كرتون	54	42	129.659722
ARM_10027	برطمان 750 مل دائري - غطاء شفاف	كرتون	12	24	74.166667
ARM_10028	برطمان 1000 مل دائري  - غطاء شفاف	كرتون	40	24	72
ARM_10029	برطمان 1500 مل دائري - غطاء شفاف	كرتون	36	36	112
ARM_10030	برطمان 2000 مل دائري - غطاء شفاف	كرتون	20	36	117.230769
ARM_10031	برطمان 3000 مل دائري - غطاء شفاف	كرتون	25	32	92
ARM_10032	برطمان 4000 مل دائري  - غطاء شفاف	كرتون	29	32	92
ARM_10033	برطمان 5000 مل دائري  - غطاء شفاف	كرتون	18	24	70
ARM_10034	برطمان 6000 مل دائري  - غطاء شفاف	كرتون	28	18	55
ARM_10035	علب عصير 200 مل - غطاء اسود	كرتون	4.5	66	186
ARM_10036	علب عصير 330 مل دائري - غطاء اسود	كرتون	36	78	238.333333
ARM_10038	علب عصير 1000 مل - غطاء اسود	كرتون	30	36	112
ARM_10039	علب عصير 1500 مل - غطاء اسود	كرتون	32	32	100
ARM_10040	علب عصير 2000 مل	كرتون	62	24	73.451613
ART_9022	برطمانات 500 مل ارتي - شفاف	كرتون	9	36	94.269949
ART_9033	برطمانات 2000 مل - اصفر	كرتون	0.5	24	75.061837
ART_9037	برطمانات 3000 مل - شفاف	كرتون	4	48	124.746282
ART_9046	برطمانات 200 مل بهارات - ذهبي	كرتون	5	48	128.086504
ART_9047	برطمانات 200 مل بهارات - احمر	كرتون	3	48	128.086504
AR_100112	اصناف متنوعة بالحبة	حبة	3044	1	4
AR_10725	حماية اثاث مع قاعده 28	كرتون	0.5	72	240
AR_11209	ليفة جسم بعصا	كرتون	2.25	60	170
AR_11249	مقادير 5 حبات	كرتون	0.5	72	250
					
AR_12303	خيوط زينة بيج 5حبات	كرتون	4.75	72	215
AR_12304	خيوط زينة بيج  4حبات	كرتون	2.25	72	215
AR_12305	خيوط زينة بيج  50جرام	كرتون	11.75	72	215
AR_12736	شبك مشاوي مستطيل وسط	كرتون	14	36	125
AR_12738	اسياخ شوي كبير 4 اسياخ	كرتون	1.75	60	160
AR_12739	اسياخ شوي وسط 4 اسياخ	كرتون	1.5	60	150
AR_12740	اسياخ شوي صغير 10 حبه	كرتون	3.5	60	160
AR_12743	اسياخ شوي محدج 6حبه	كرتون	0.25	60	155
AR_12744	اسياخ شوي مدور 5 حبه	كرتون	2.75	60	170
AR_12745	ملقاط شوي	كرتون	0.5	60	180
AR_12746	شبك مشاوي دائري كبير	كرتون	13	24	135
AR_12747	شبك مشاوي دائري وسط	كرتون	44	36	150
AR_12749	فرشه تنظيف شوي	كرتون	6.25	60	135
AR_12750	منفاخ هواء شوي يدوي	كرتون	15.5	48	115
AR_12752	شبك مشاوي دائري وسط	كرتون	10.5	72	235
AR_12753	ملعقة شوي	كرتون	6.75	72	230
AR_12754	شوكة شوي	كرتون	8.25	72	175
AR_12755	سكين شوي	كرتون	6.75	72	170
AR_12756	عدة شواء	كرتون	5.75	72	240
AR_12757	مجموعه شواء 3 حبه	كرتون	21.76389	72	205
AR_12758_50	منفاخ شواء بلاستيك 4حبات	كرتون	5	50	140
AR_13438	ملعقة اكل كبير	كرتون	7	72	240
AR_13448	ملعقة اكل كبير	كرتون	1	72	240
AR_13473	ملعقة اكل كبير	كرتون	8.5	72	240
AR_13476	شوكة اكل صغير	كرتون	1	72	215
AR_13659	تحف ساعه رمليه	كرتون	2	72	218
AR_13798	مجسم بحريات	كرتون	3	60	40
AR_14084	مراكن ورد بلاستيك	كرتون	4.75	60	175
AR_14088	مراكن ورد بلاستيك	كرتون	2.25	60	180
AR_14241	لبادات خيش بيضاوي	كرتون	1	72	255
AR_14351	بلاط مرايا ديكور لاصق	كرتون	14.5	60	60
AR_14352	بلاط مرايا ديكور لاصق	كرتون	0.5	60	60
AR_14353	بلاط مرايا ديكور لاصق	كرتون	5	60	60
AR_14354	بلاط مرايا ديكور لاصق	كرتون	15	60	60
AR_14355	بلاط مرايا ديكور لاصق	كرتون	9.5	60	60
AR_14356	بلاط مرايا ديكور لاصق	كرتون	4	60	60
AR_14357	بلاط مرايا ديكور لاصق	كرتون	10	60	60
AR_14358	بلاط مرايا ديكور لاصق	كرتون	8	60	60
AR_14359	بلاط مرايا ديكور لاصق	كرتون	7	60	60
AR_14360	بلاط مرايا ديكور لاصق	كرتون	19.5	60	60
AR_14379	ورق مطبخ لاصق	كرتون	2.5	60	175
AR_14382	ورق مطبخ لاصق	كرتون	1.5	60	175
AR_14488	تعليقات خشبي زينة	كرتون	1	72	125
					
AR_20388	ملاعق سيليكون	كرتون	9	72	72
AR_20521	كاب كيك	كرتون	4.5	60	175
AR_20538	حاجز باب اطفال	كرتون	0.75	72	135
AR_20539	حاجز باب اطفال	كرتون	0.75	72	135
AR_20559	اعواد عسل خشبية 5 حبات	كرتون	0.75	72	259.202399
AR_20612	طقم بدكير	كرتون	4.25	60	185
AR_20614	طقم بدكير	كرتون	5	60	185
AR_20618	طقم بدكير	كرتون	6.25	60	210
AR_20619	صدف زينة	كرتون	0.25	72	255
AR_20620	صدف زينة	كرتون	3	72	255
AR_20621_36	صدف زينة	كرتون	5.25	36	120
AR_20622_36	صدف زينة	كرتون	6	36	120
AR_20624	صدف زينة	كرتون	3.25	72	255
AR_20626	صدف زينة	كرتون	1.5	72	255
AR_20627	صدف زينة	كرتون	3	72	255
AR_20627_36	صدف زينة	كرتون	3.75	36	120
AR_20628	صدف زينة	كرتون	3	72	255
AR_20628_36	صدف زينة	كرتون	1	36	120
AR_20629	صدف زينة	كرتون	0.75	72	255
AR_20629_36	صدف زينة	كرتون	15	36	120
AR_20630	صدف زينة	كرتون	2	72	255
AR_20630_36	صدف زينة	كرتون	4	36	120
AR_20632	صدف زينة	كرتون	0.5	72	195
AR_20633	صدف زينة	كرتون	3	72	195
AR_20635	صدف زينة	كرتون	0.5	72	195
AR_20635_36	صدف زينة	كرتون	5.75	36	120
AR_20636	صدف زينة	كرتون	3.5	72	195
AR_20637	صدف زينة	كرتون	1	72	195
AR_20639_36	صدف زينة	كرتون	3.75	36	120
AR_20640_36	صدف زينة	كرتون	23	36	120
AR_20641_36	صدف زينة	كرتون	5	36	120
AR_20642_36	صدف زينة	كرتون	18	36	120
AR_20643	صدف زينة	كرتون	1	72	165
AR_20643_36	صدف زينة	كرتون	2.75	36	120
AR_20644_36	صدف زينة	كرتون	3	36	120
AR_20645	صدف زينة	كرتون	12.5	72	165
AR_20650_36	صدف زينة	كرتون	2.75	36	120
AR_20651_36	صدف زينة	كرتون	3.75	36	120
AR_20652_36	صدف زينة	كرتون	3.5	36	120
AR_20653	عدة تزيين كيك	كرتون	34.25	60	60
AR_20656	عدة تزيين كيك	كرتون	2.25	60	60
AR_20657	عدة تزيين كيك	كرتون	4	60	60
AR_20658	عدة تزيين كيك	كرتون	5.25	60	60
					
AR_20660	عدة تزيين كيك	كرتون	10.5	60	60
AR_20661	عدة تزيين كيك	كرتون	11.25	60	60
AR_20662	عدة تزيين كيك	كرتون	2	60	60
AR_20663	عدة تزيين كيك	كرتون	14.5	60	60
AR_20699	عدد كهربائية	كرتون	0.25	48	170
AR_20703	عدد كهربائية	كرتون	0.5	48	175
AR_20704	عدد كهربائية	كرتون	0.25	48	170
AR_20706	عدد كهربائية	كرتون	0.5	48	130
AR_20711	عدد كهربائية	كرتون	0.25	48	130
AR_20734	مجسمات اوجه	كرتون	6	60	30
AR_20735	مجسمات اوجه	كرتون	7	60	30
AR_20737	مجسمات اوجه	كرتون	11	60	30
AR_20741	مجسمات اوجه	كرتون	4.5	60	30
AR_20743	مجسمات اوجه	كرتون	3.5	60	30
AR_20745	مجسمات اوجه	كرتون	10	60	30
AR_20746	مجسمات اوجه	كرتون	8.5	60	30
AR_20747	مجسمات اوجه	كرتون	11	60	30
AR_20748	مجسمات اوجه	كرتون	5	60	30
AR_20754	مجسمات اوجه	كرتون	6	60	30
AR_20834	سفر طاولة ذهبي مستطيل	كرتون	0.5	72	48
AR_20835	سفر طاولة ذهبي مستطيل	كرتون	12.5	72	48
AR_20837	سفر طاولة ذهبي مستطيل	كرتون	14	72	48
AR_20838	سفر طاولة ذهبي مستطيل	كرتون	0.5	72	48
AR_20840	سفر طاولة ذهبي مستطيل	كرتون	16	72	48
AR_20841	سفر طاولة ذهبي مستطيل	كرتون	1	72	48
AR_20842	سفر طاولة ذهبي مستطيل	كرتون	15.5	72	48
AR_20843	سفر طاولة ذهبي مستطيل	كرتون	18.5	72	48
AR_20844	سفر طاولة ذهبي مستطيل	كرتون	1.5	72	48
AR_20845	سفر طاولة ذهبي مستطيل	كرتون	0.5	72	48
AR_20846	سفر طاولة ذهبي مستطيل	كرتون	16	72	48
AR_20847	سفر طاولة ذهبي بيضاوي	كرتون	7.5	72	48
AR_20848	سفر طاولة ذهبي مستطيل	كرتون	20	72	48
AR_20849	سفر طاولة ذهبي مستطيل	كرتون	9.5	72	48
AR_20850	سفر طاولة ذهبي مستطيل	كرتون	13	72	48
AR_20851	سفر طاولة ذهبي مستطيل	كرتون	14	72	48
AR_20852	سفر طاولة ذهبي مستطيل	كرتون	30	72	48
AR_20853	سفر طاولة ذهبي مشجر	كرتون	23.5	72	48
AR_20854	سفر طاولة ذهبي مشجر	كرتون	30	72	48
AR_20855	سفر طاولة ذهبي مستطيل	كرتون	19	72	48
AR_20856	سفر طاولة ذهبي مستطيل	كرتون	21	72	48
AR_20857	سفر طاولة ذهبي مستطيل	كرتون	24	72	48
AR_20858	سفر طاولة ذهبي مستطيل	كرتون	15	72	48
AR_20859	سفر طاولة ذهبي مستطيل	كرتون	12	72	48
					
AR_20860	سفر طاولة ذهبي مستطيل	كرتون	15	72	48
AR_20861	سفر طاولة ذهبي مستطيل	كرتون	14	72	48
AR_20862	سفر طاولة ذهبي مستطيل	كرتون	25	72	48
AR_20863	سفر طاولة ذهبي دائري	كرتون	5	72	48
AR_20864	سفر طاولة ذهبي دائري	كرتون	0.5	72	48
AR_20865	سفر طاولة ذهبي دائري	كرتون	3	72	48
AR_20866	سفر طاولة ذهبي دائري	كرتون	17	72	48
AR_20867	سفر طاولة ذهبي دائري	كرتون	8.5	72	48
AR_20868	سفر طاولة ذهبي دائري	كرتون	10.5	72	48
AR_20869	سفر طاولة ذهبي مشجر	كرتون	6	72	48
AR_20870	سفر طاولة ذهبي مربع	كرتون	11	72	48
AR_20871	سفر طاولة ذهبي مربع	كرتون	5.5	72	48
AR_20872	سفر طاولة ذهبي مشجر	كرتون	12.5	72	48
AR_20873	سفر طاولة ذهبي دائري	كرتون	14	72	48
AR_20874	سفر طاولة ذهبي دائري	كرتون	13	72	48
AR_20875	سفر طاولة ذهبي دائري	كرتون	20.5	72	48
AR_20876	سفر طاولة ذهبي دائري	كرتون	14.5	72	48
AR_20877	سفر طاولة ذهبي دائري	كرتون	12.5	72	48
AR_20878	سفر طاولة ذهبي دائري	كرتون	11	72	48
AR_20879	سفر طاولة ذهبي دائري	كرتون	1	72	48
AR_20880	سفر طاولة ذهبي مشجر	كرتون	14.5	72	48
AR_20881	سفر طاولة ذهبي دائري	كرتون	9.5	72	48
AR_20882	سفر طاولة ذهبي مشجر	كرتون	24	72	48
AR_20883	سفر طاولة ذهبي مشجر	كرتون	19	72	48
AR_20884	سفر طاولة ذهبي مربع	كرتون	10	72	48
AR_20885	سفر طاولة ذهبي دائري	كرتون	22.5	72	48
AR_20886	سفر طاولة ذهبي دائري	كرتون	0.5	72	48
AR_20887	سفر طاولة ذهبي مشجر	كرتون	18	72	48
AR_20888	سفر طاولة ذهبي دائري	كرتون	28	72	48
AR_20889	سفر طاولة ذهبي مشجر	كرتون	22	72	48
AR_20890	سفر طاولة ذهبي كاسات	كرتون	3	60	40
AR_20891	سفر طاولة ذهبي كاسات	كرتون	1.5	60	40
AR_20892	سفر طاولة ذهبي كاسات	كرتون	1.5	60	40
AR_20893	سفر طاولة ذهبي كاسات	كرتون	6	60	40
AR_20894	سفر طاولة ذهبي كاسات	كرتون	4.5	60	40
AR_20895	سفر طاولة ذهبي كاسات	كرتون	11.5	60	40
AR_20898	سفر طاولة ذهبي كبير	كرتون	6	72	288
AR_20900	سفر طاولة ذهبي كبير	كرتون	14.5	72	288
AR_20904	سفر طاولة ذهبي كبير	كرتون	11	72	288
AR_20905	سفر طاولة ذهبي كبير	كرتون	1	72	288
AR_20906	سفر طاولة ذهبي كبير	كرتون	14	72	288
AR_20907	سفر طاولة ذهبي كبير	كرتون	1	72	288
AR_20908	سفر طاولة ذهبي كبير	كرتون	7.5	72	288
					
AR_20909	سفر طاولة ذهبي كبير	كرتون	5.5	72	288
AR_20910	سفر طاولة ذهبي كبير	كرتون	9	72	288
AR_20911	سفر طاولة ذهبي مشجر	كرتون	3.5	72	48
AR_20912	سفر طاولة ذهبي مستطيل	كرتون	9.5	72	48
AR_20913	سفر طاولة ذهبي مستطيل	كرتون	28	72	48
AR_20914	سفر طاولة ذهبي مستطيل	كرتون	19	72	48
AR_20916	سفر طاولة ذهبي دائري	كرتون	16.5	72	48
AR_20918	سفر طاولة ذهبي دائري	كرتون	15.5	72	48
AR_20919	سفر طاولة ذهبي دائري	كرتون	19	72	48
AR_20920	سفر طاولة ذهبي مشجر	كرتون	27	72	48
AR_20921	سفر طاولة ذهبي دائري	كرتون	0.5	72	48
AR_20923	سفر طاولة ذهبي مشجر	كرتون	16.5	72	48
AR_20924	سفر طاولة ذهبي مشجر	كرتون	26	72	48
AR_20925	سفر طاولة ذهبي مشجر	كرتون	12.5	72	48
AR_20926	سفر طاولة ذهبي مشجر	كرتون	26	72	48
AR_20927	سفر طاولة ذهبي مشجر	كرتون	26.5	72	48
AR_20993	مراكن ورد حجري بقاعدة	كرتون	66.25	48	48
AR_20994	مراكن ورد حجري بقاعدة	كرتون	58	48	48
AR_20995	مراكن ورد حجري بقاعدة	كرتون	67	48	48
AR_20996	مراكن ورد حجري بقاعدة	كرتون	54.5	48	48
AR_20997	مراكن ورد حجري بقاعدة	كرتون	66.75	48	48
AR_21084	مراكن ورد مجسم	كرتون	20.5	60	40
AR_21085	مراكن ورد مجسم	كرتون	5.5	60	40
AR_21115	بلاط ديكور لاصق	كرتون	67.25	48	35.73980312
AR_21116	بلاط ديكور لاصق ابيض	كرتون	31.75	48	35.85042085
AR_21117	بلاط ديكور لاصق ابيض+وردي	كرتون	54	48	47.49548357
AR_21118	بلاط ديكور لاصق اصفر+ابيض	كرتون	63.75	48	50.97268547
AR_21119	بلاط ديكور لاصق احمر+ابيض	كرتون	49.5	48	49.186992
AR_21120	بلاط ديكور لاصق ابيض+اصفر	كرتون	70.75	48	50.78105416
AR_21121	بلاط ديكور لاصق احمر+ابيض	كرتون	54.75	48	42.98181449
AR_21122	بلاط ديكور لاصق ابيض+اسود	كرتون	113.5	48	41.60471903
AR_21123	بلاط ديكور لاصق احمر ابيض	كرتون	90	48	32
AR_21124	بلاط ديكور لاصق اصفر+وردي	كرتون	127.25	48	47.15229846
AR_21125	بلاط ديكور لاصق اصفر	كرتون	115.5	48	40.05360983
AR_21126	بلاط ديكور لاصق ابيض+وردي	كرتون	113.75	48	41.67618852
AR_21127	بلاط ديكور لاصق احمر+اصفر	كرتون	125	48	36.93362822
AR_21128	بلاط ديكور لاصق اسود+ابيض	كرتون	120.25	48	36.07453555
AR_21130	بلاط ديكور لاصق اصفر	كرتون	118	48	32
AR_21138	بلاط ديكور لاصق زجاجي	كرتون	8.5	48	32
AR_21205	تعليقات خشبي زينة	كرتون	0.5	72	48
AR_21260	طاوة	كرتون	1	60	125
AR_21483	اكياس حفظ الاطعمه	كرتون	0.1	60	185.275774
AR_21485	اكياس حفظ الاطعمة	كرتون	3.4	60	200
					
AR_21487	اكياس حفظ الاطعمة	كرتون	0.3	60	181.432762
AR_21551	قفل شنطة + قصاصة اظافر	كرتون	11	72	240
AR_21553	قفل شنطة + بطاقه التعريف	كرتون	10.5	72	150
AR_21586	صحون تقديم زجاج مستطيل	كرتون	100	32	5
AR_21587	صحون تقديم زجاج مستطيل	كرتون	107.75	32	5
AR_21588	صحون تقديم زجاج مستطيل	كرتون	122.25	32	5
AR_21589	صحون تقديم زجاج مستطيل	كرتون	132.5	32	5
AR_21590	صحون تقديم زجاج مستطيل	كرتون	122.75	32	5
AR_21591	صحون تقديم زجاج مربع	كرتون	121.5	32	5
AR_21592	صحون تقديم زجاج مربع	كرتون	109	32	5
AR_21593	صحون تقديم زجاج مربع	كرتون	122	32	5
AR_21594	صحون تقديم زجاج مربع	كرتون	122	32	5
AR_21595	صحون تقديم زجاج مربع	كرتون	134	32	5
AR_21597	شبك مشاوي دائري صغير	كرتون	1.5	72	260
AR_21611	اكياس برطمان 12حبه 10*15	كرتون	16.5	72	72
AR_21612	اكياس برطمان 8حبه 13*20	كرتون	13.5	72	72
AR_21613	اكياس برطمان 6حبه 16*25	كرتون	15	72	72
AR_21614	اكياس برطمان 12حبه 10*15	كرتون	14.5	72	72
AR_21615	اكياس برطمان 8حبه 13*20	كرتون	12.5	72	72
AR_21616	اكياس برطمان 6حبه 16*25	كرتون	12.5	72	72
AR_21617	اكياس برطمان 12حبه 10*15	كرتون	16.5	72	72
AR_21618	اكياس برطمان 8حبه 13*20	كرتون	16	72	72
AR_21619	اكياس برطمان 6حبه 16*25	كرتون	15.5	72	72
AR_21743	مصاصات ذهبي 140 حبه	كرتون	2	60	167.417058
AR_21757	مصاصات اسود 140 حبه	كرتون	5	60	163.02301
AR_21774	قلم تزيين كيك	كرتون	1.25	72	220
AR_21776	قطاعة عجين استيل	كرتون	3.5	72	220
AR_21777	قطاعة عجين يد خشبي	كرتون	13.25	72	220
AR_21793	قشارة الخضار	كرتون	0.5	60	174.832414
AR_21806	مسكات باب ونوافذ	كرتون	0.5	72	190
AR_21807	مسكات للباب والنوافذ 4 حبات كبير	كرتون	3.5	72	200
AR_21808	ربطات سيليكون	كرتون	2	72	72
AR_21946	اضاءات شموع رمضاني بقاعده	كرتون	6	60	72
AR_21966	اضاءات فوانيس زينة	كرتون	1	72	72
AR_21993	اضاءات ملونة نجمة	كرتون	6.5	72	72
AR_22089	خضاض استيل بمقبض خشبي	كرتون	0.66	60	176.681673
AR_22091	خضاض وملقاط بلاستيك	كرتون	0.9	60	135.908947
AR_22141	ملاعق خشبي 5 قطع	كرتون	0.388	72	229.332953
AR_22143	ملاعق خشبي 3 قطع	كرتون	0.5	72	226.429978
AR_22267	قوالب كيك سيليكون ملون	كرتون	3	60	120
AR_22269	قوالب كيك سيليكون ملون	كرتون	3.5	60	120
AR_22270	قوالب كيك سيليكون ملون	كرتون	1.75	60	120
AR_22272	قوالب كيك سيليكون ملون	كرتون	10.25	60	120
					
AR_22273	قوالب كيك سيليكون ملون	كرتون	4.5	60	120
AR_22278	قوالب كيك سيليكون ملون	كرتون	4.5	60	120
AR_22280	قوالب كيك سيليكون ملون	كرتون	3	60	120
AR_22281	قوالب كيك سيليكون ملون	كرتون	3.75	60	120
AR_22294	قوالب كيك سيليكون ملون	كرتون	0.5	60	120
AR_22348	علبة مشاط ومراية	كرتون	2.75	72	180
AR_22413	مباخر	كرتون	4.5	72	72
AR_22414	مباخر	كرتون	3	72	72
AR_22415	مباخر	كرتون	8	72	72
AR_22418	ستاند مناديل	كرتون	7	72	72
AR_22419	ستاند مناديل	كرتون	8	72	72
AR_22421	ستاند مناديل	كرتون	2	72	72
AR_22422	ستاند مناديل	كرتون	2	72	72
AR_22423	ستاند مناديل	كرتون	1.5	72	72
AR_22507	مباخر	كرتون	4	72	72
AR_22509	مباخر	كرتون	2	72	72
AR_22510	مباخر	كرتون	5	72	72
AR_22563	اكياس الكريمة	كرتون	1	72	190
AR_22564	اكياس الكريمة	كرتون	1	72	250
AR_22639	مراكن سيراميك	كرتون	3	48	135
AR_22646	مراكن سيراميك	كرتون	4	36	115
AR_22725	مسامير	كرتون	0.5	72	180
AR_22726	مسامير	كرتون	0.5	72	180
AR_22727	سحاب ادراج بلاستيك	كرتون	0.5	72	150
AR_22728	سحاب ادراج بلاستيك	كرتون	1.5	72	200
AR_22730	مسامير	كرتون	2.5	72	180
AR_22733	مسامير	كرتون	4.5	72	180
AR_22739	مسامير	كرتون	0.5	72	180
AR_22740	مسامير	كرتون	0.5	72	180
AR_22745	مغلقة	كرتون	4.5	96	1190
AR_22750	مغلقة	كرتون	0.5	96	185
AR_22753	مغلقة	كرتون	1.25	96	225
AR_22755	اكياس الكريمة	كرتون	1	72	235
AR_22767	شموع	كرتون	4.5	72	
AR_22768	شموع	كرتون	2	72	220
AR_22853	طاوات استيل اشكال	كرتون	1	60	145
AR_22859	قالب تارت بيضاوي ذهبي 21*31 سم	كرتون	9.5	60	185
AR_22860	قالب تارت اسود دائري 28 سم	كرتون	2	60	180
AR_22871	قالب كيك مستطيل ذهبي 13*25سم	كرتون	1	60	170
AR_22872	قالب كيك مستطيل ذهبي 15*28 سم	كرتون	0.5	60	180
AR_22873	قالب كيك مستطيل ذهبي 13*29 سم	كرتون	1	60	190
AR_22875	قالب كوب كيك 6 عيون 18*26 سم	كرتون	4	60	190
AR_22876	قوالب كيك فرن	كرتون	0.5	60	190
					
AR_22877	قالب كوب كيك 6 عيون 26*18 سم	كرتون	0.5	60	190
AR_22878	قالب كوب كيك 6 عيون 18*26 سم	كرتون	2.75	60	190
AR_22989	اضاءات	كرتون	9.25	96	96
AR_22990	اضاءات	كرتون	0.5	72	72
AR_23003	صحون تقديم خزف	كرتون	1	60	40
AR_23039	صحون تقديم	كرتون	7	72	48
AR_23053	صحون تقديم	كرتون	3.75	72	48
AR_23057	طفايات	كرتون	1.5	72	72
AR_23058	طفايات	كرتون	1	72	72
AR_23168	غطاء مفاتيح كهرباء	كرتون	0.5	72	185
AR_23170	مقبض حمايه الباب	كرتون	0.75	72	230
AR_23234	مجموعة فلاتر بلاستيك 4 قطع	كرتون	1.25	72	200
AR_23235	مجموعه فلاتر + اقماع تعبئة 5 قطع	كرتون	3.5	72	250
AR_23236	مقادير ملون	كرتون	0.75	72	250
AR_23416	صفاية خضار سيليكون	كرتون	2	120	300
AR_23417	صفاية خضار سيليكون	كرتون	2	120	320
AR_23418	صفاية خضار سيليكون	كرتون	3	144	
AR_23419	صفاية خضار سيليكون	كرتون	3	144	335
AR_23420	صفاية خضار	كرتون	1	60	195
AR_23454	سكاكين كيك 6 قطع	كرتون	2	72	210
AR_23456	ادوات تقطيع معجنات	كرتون	6.75	72	215
AR_23457	مخالب مقسم لحم	كرتون	3.75	72	175
AR_23458	قالب معمول	كرتون	6	72	200
AR_23461	طقم ملاعق 3 حبه	كرتون	2.5	72	155
AR_23462	طقم سكين وشوكة أجبان	كرتون	7	72	205
AR_23464	مقشره	كرتون	3.75	72	225
AR_23522	علب توزيعات العيد	كرتون	1	84	84
AR_23548	ادوات تقشير مطبخ 2 حبة	كرتون	2.5	144	470
AR_23549	ادوات تقشير مطبخ 2 حبة	كرتون	3.5	144	450
AR_23550	ادوات تقشير مطبخ 2 حبة	كرتون	3.5	144	395
AR_23551	ادوات تقطيع مطبخ 2 حبة	كرتون	3.25	144	385
AR_23552	ادوات تقشير مطبخ 2 حبة	كرتون	3	144	415
AR_23553	ادوات تقطيع مطبخ 2 حبة	كرتون	2.5	144	455
AR_23556	ادوات تقطيع مطبخ 2 حبة	كرتون	0.5	144	430
AR_23558	ادوات مطبخ حفار 2 حبة	كرتون	0.5	144	395
AR_23559	ادوات مطبخ تقطيع 2 حبة	كرتون	3.5	144	455
AR_23606	صحون تقديم استيل نقشه	كرتون	0.5	72	145
AR_23653	 ملعقة تقليب سمك	كرتون	5.5	72	195
AR_23654	قطاعه جبن استيل	كرتون	6	72	195
AR_23655	مبشره استيل ناعم	كرتون	3	72	195
AR_23656	مبشره استيل وسط	كرتون	3	72	180
AR_23657	مبشره استيل جبن	كرتون	6	72	180
AR_23659	حفار كوسه استيل	كرتون	0.75	72	155
					
AR_23660	قطاعه بيتزاء استيل	كرتون	4	72	180
AR_23661	قطاعه معجنات استيل	كرتون	6.5	72	165
AR_23662	قطاعه معجنات وبيتزاء استيل	كرتون	6	72	195
AR_23663	حفار محشي استيل	كرتون	3	72	165
AR_23664	ملعقه تقطيع وتقديم الكيك	كرتون	7	72	195
AR_23665	ملعقه تقطيع وتقديم كيك	كرتون	5	72	195
AR_23666	صفار البيض استيل	كرتون	7	72	185
AR_23667	قشاره بطاط استيل	كرتون	2	72	215
AR_23669	عده تزيين الكيك	كرتون	6.75	72	215
AR_23780	استاند دولاب مطبخ	كرتون	1	72	200
AR_23853	علب هدايا	كرتون	1	72	235
AR_23888	 لصق شبك للنوافذ	كرتون	7	72	222.832299
AR_23907	 لصق شفاف 6 حبات 3.5سم	كرتون	1	48	152.555921
AR_23908	 لصق مكتبيات ملون لماع 4 حبات	كرتون	3.5	48	153.227395
AR_23926	مجموعة لصق خاصة بالشركة	كرتون	11.5	36	270
AR_24250	حبل خيش 15 متر * 6مم	كرتون	0.5	72	220
AR_24251	حبل خيش 10 متر * 8مم	كرتون	0.75	72	220
AR_24259	خيط زينة 3حبات ملون	كرتون	2.5	72	210
AR_24260	خيط زينة 4حبات ملون	كرتون	3.5	72	210
AR_24261	خيط زينة 5 حبات ملون	كرتون	3	72	210
AR_24262	خيط زينة ملون	كرتون	3.5	72	210
AR_24263	خيط زينة 4 حبات ملون	كرتون	3.25	72	210
AR_24264	خيط زينة 5 حبات ملون	كرتون	3	72	210
AR_24359	مجموعة بالون	كرتون	0.43	100	270
AR_24363	مجموعة بالون	كرتون	0.45	100	270
AR_24380	حبيبات فلين هدايا	كرتون	2.75	60	200
AR_24703	مغرف ماء	كرتون	6	60	200
AR_24720	حافظة حبوب	كرتون	1	60	185
AR_24725	حافظات	كرتون	0.5	48	150
AR_24763	زينة تعليق مواليد	كرتون	2.25	240	240
AR_24764	زينه تعليق ورقي	كرتون	4.5	240	240
AR_24765	زينه تعليق مواليد	كرتون	5.5	240	240
AR_24811	مجموعة العناية	كرتون	7.5	72	240
AR_24812	مجموعة العناية	كرتون	5.25	72	205
AR_24813	مجموعة العناية	كرتون	7.5	72	250
AR_24814	مجموعة العناية	كرتون	1.5	72	245
AR_24868	تلبيسة طاولة الكوي	كرتون	4.5	72	355
AR_24902	قواعد انزلاق للأثاث 4 حبة	كرتون	1	72	190
AR_24915	مفك علب متعدد	كرتون	1.5	72	230
AR_25044	قمع معجنات	كرتون	2.5	72	200
AR_25046	مطرقة لحم	كرتون	7	48	175
AR_25047	خضاض	كرتون	2	72	245
AR_25050	قطاعة عجين استيل	كرتون	0.5	72	265
					
AR_25051	خرامة لحم	كرتون	6	96	335
AR_25053	قطاعة  مقبض خشب	كرتون	2	72	255
AR_25054	قشارة	كرتون	7	72	220
AR_25058	مقسم لحم	كرتون	3	60	140
AR_25086	صحون 3حبه المنيوم	كرتون	4	72	241.580179
AR_25089	صحون 3حبه المنيوم	كرتون	8	72	226.433477
AR_25097	صحن المنيوم	كرتون	1	72	246.390787
AR_25099	طاوه المنيوم	كرتون	3	72	240.944228
AR_25109	طاسة 3 حبه المنيوم	كرتون	9.5	60	166.308947
AR_25166	منظم اكواب	كرتون	4	72	195
AR_25174	منظم اكواب تعليقه	كرتون	4.5	72	225
AR_25175	حامل مناشف مطبخ حديد ابيض+اسود	كرتون	4.5	72	225
AR_25177	رف تعليق حديد	كرتون	5	60	168
AR_25178	منظم متعدد الاستخدام	كرتون	7	72	210
AR_25182	استاند تجفيف صحون	كرتون	3	72	225
AR_25199	سلة تقديم مقليات اسود بمقبض	كرتون	3.25	72	260
AR_25200	سلة تقديم مقليات اسود بمقبض	كرتون	3.25	72	240
AR_25202	سلة تقديم مقليات	كرتون	9.75	72	175
AR_25203	سلة تقديم مقليات اسود بمقبض	كرتون	6.75	72	235
AR_25204	سلة تقديم مقليات اسود بمقبض	كرتون	7	72	235
AR_25205	سلة تقديم مقليات بمقبض	كرتون	9	72	250
AR_25253	علب حلويات	كرتون	4	60	170
AR_25265	حامل صابون	كرتون	0.875	72	230
AR_25267	رف حمام زاوية	كرتون	1.5	72	220
AR_25279	عدد زراعية	كرتون	2.5	60	200
AR_25286	لوحات براويز صور	كرتون	1	60	200
AR_25309	ليف سلك غسيل بكرت	كرتون	2	60	190
AR_25324	علب هدايا	كرتون	3	36	90
AR_25501	جاك بلاستيك رمضاني	كرتون	0.5	48	177.604425
AR_25626	شنط قهوه صغير	كرتون	3.75	72	250.603685
AR_25629	شنط قهوه كبير	كرتون	2.25	48	303.055693
AR_25669	مطارات	كرتون	2.625	80	293.792544
AR_25671	مطارات	كرتون	1	60	230
AR_25672	مطارات	كرتون	1.125	80	257.046059
AR_25673	ليفة استحمام	كرتون	2	40	140
AR_25677	مناشف شعر	كرتون	2.5	72	226.143648
AR_25682	مناشف شعر	كرتون	0.75	72	225.480387
AR_25768	سكاكين	كرتون	1	72	255.23249
AR_25775	قالب سمبوسه	كرتون	3.5	72	226.228785
AR_25783	مطارات	كرتون	2	48	150.75896
AR_25784	مطارات	كرتون	4.5	48	148.110827
AR_25788	زمزميات	كرتون	2.5625	48	151.110632
AR_25789	زمزميات	كرتون	1.375	48	147.424981
					
AR_25818	شريط لاصق حمايه الاثاث	كرتون	5	72	170.811086
AR_25919	مجموعه قرطاسية 5 في 1	كرتون	2	60	164.367111
AR_25921	دباسه	كرتون	5.5	60	157.021881
AR_25923	صمغ مع دبابيس	كرتون	7.5	80	170.281303
AR_25924	دفتر نوته مع قلم حبر ملون	كرتون	1	72	213.01976
AR_25926	برايه	كرتون	0.35	60	184.23853
AR_25928	مجموعه اقلام رصاص	كرتون	6	72	170.941723
AR_25929	قرطاسية اقلام رصاص	كرتون	4	60	136.085481
AR_25930	قرطاسية اقلام حبر ازرق	كرتون	0.366667	60	175.120609
AR_25931	قرطاسية اقلام حبر اسود	كرتون	2.5	60	136.085481
AR_25932	مقلميه	كرتون	0.75	72	236.688522
AR_25934	مقلميه	كرتون	6.5	72	163.052098
AR_25940	الواح تلوين خشبيه	كرتون	4.5	96	261.331592
AR_25941	الواح تلوين خشبيه	كرتون	6.5	96	240.700142
AR_25944	تغريسات خشبيه	كرتون	4.5	48	120.350071
AR_25945	تغريسات خشبيه	كرتون	4.5	48	116.91144
AR_25946	العاب خشبية	كرتون	4.5	48	137.542891
AR_25948	تغريسات خشبيه	كرتون	2.5	48	110.034346
AR_25949	تغريسات خشبيه	كرتون	1.5	48	123.78859
AR_25950	تغريسات خشبيه	كرتون	4.5	48	75.648607
AR_25952	سبورة اطفال	كرتون	2	60	184.09106
AR_25953	العاب جيم سهم	كرتون	0.75	64	196.363872
AR_25971_96	العاب تعليمية	كرتون	2	96	246.131151
AR_25972	دفتر تلوين مع الوان مائية + شمعية	كرتون	8.25	60	188.4216
AR_25973	العاب تعليمية	كرتون	3	60	174.493615
AR_25975_60	العاب تعليمية	كرتون	2	60	149.778568
AR_25978	العاب تعليمية	كرتون	2	48	145.737759
AR_25981_72	العاب تعليمية	كرتون	2.25	72	165.16946
AR_25989	قبعة سباحة	كرتون	3	120	441.798034
AR_25992	العاب بناتي	كرتون	0.125	96	267.617302
AR_26023	دفاتر رسم	كرتون	4	60	134.108641
AR_26024	دفاتر رسم	كرتون	8	60	129.319059
AR_26025	دفاتر شخصيات بقفل	كرتون	9.25	60	162.17546
AR_26026	دفاتر شخصيات 2 حبه	كرتون	10.25	60	109.578044
AR_26029	دفاتر فرو بناتي	كرتون	10.5	60	170.941723
AR_26052	ليفة جسم	كرتون	1	48	123.080692
AR_26053	ليفة أستحمام للظهر	كرتون	1.75	60	145.639266
AR_26068	قفل امان ادراج للأطفال 4 حبة	كرتون	4	72	211.694113
AR_26072	قفل امان ادراج للأطفال 3 حبة	كرتون	7	72	187.074631
AR_26075	سدادة باب 4 قطع	كرتون	1.25	72	187.074631
AR_26171	لوحات جداريه	كرتون	5	48	115.714461
AR_26187	طاوة	كرتون	2	50	252.279359
AR_26189	كسرولا	كرتون	2	30	151.365347
					
AR_26200	صحون حديد	كرتون	1	72	194.317012
AR_26201	قالب تارت اسود دائري 28 سم	كرتون	9	72	170.027386
AR_26233	فواحات عطريه	كرتون	1.75	72	216.630061
AR_26238	كرت فواحه سياره 4 حبه	كرتون	2.5	96	270.833946
AR_26239	معطر خزانه ملابس	كرتون	8.5	96	282.702221
AR_26240	معطر ملابس 2 حبه	كرتون	1	360	1069.081521
AR_26242	برطمان زجاج	كرتون	1	48	107.193652
AR_26266	برطمان زجاج	كرتون	6.5	48	110.543453
AR_26280	تعليقة خشبية	كرتون	3.25	72	223.940881
AR_26281	تعليقة خشبية	كرتون	4.25	72	223.940881
AR_26282	تعليقة خشبية	كرتون	3.25	72	223.940881
AR_26283	تعليقة خشبية	كرتون	3.25	72	223.940881
AR_26284	لوحه خشبية ستاند	كرتون	1.75	96	278.690049
AR_26323	مستلزمات عناية القدم	كرتون	3	72	181.511654
AR_26339	مجموعة عدد مفكات	كرتون	1.25	60	174.03011
AR_26340	مجموعة عدد مفكات	كرتون	0.5	60	191.433178
AR_26341	مجموعة عدد مفكات	كرتون	7.5	60	182.731588
AR_26342	مجموعة عدد مفكات	كرتون	0.75	60	191.433178
AR_26343	مجموعة عدد مفكات	كرتون	0.25	60	182.731588
AR_26373	تباسي خشب 17*29	كرتون	5	48	128.018038
AR_26374	تباسي تقديم البيتزاء	كرتون	2	48	117.7133
AR_26375	تباسي تقديم البيتزاء	كرتون	3	48	117.7133
AR_26376	تباسي تقديم البيتزاء	كرتون	2.5	48	119.2224
AR_26377	عازل حراري خشبي بمسكه	كرتون	5.75	72	202.131904
AR_26378	عازل حراري خشبي بمسكه	كرتون	6.25	72	202.131904
AR_26389	شماعه ملابس	كرتون	0.125	8	331.268818
AR_26426	اكياس نفايات اسود 60*50 3رول	كرتون	6.875	48	146.231507
AR_26427	اكياس نفايات اسود 100*80 2 رول	كرتون	8.25	48	135.786391
AR_26428	اكياس نفايات اسود 120*100 1رول	كرتون	15	48	146.231507
AR_26429	ورق نوتة لاصق اشكال	كرتون	2.75	72	169.621328
AR_26432	ورق نوتة	كرتون	0.75	72	182.342877
AR_26474	كتب اطفال تعليمية	كرتون	2.5	72	154.735821
AR_26475	كتب اطفال تعليمية	كرتون	1	72	185.682941
AR_26476	كتب اطفال تعليمية	كرتون	0.75	72	154.735821
AR_26477	كتب اطفال تعليمية	كرتون	7	72	154.735821
AR_26478	سبوره اطفال	كرتون	5.25	72	226.945842
AR_26479	مريول تلوين مائي للاطفال	كرتون	4	72	175.367272
AR_26480	قبضات شعر	كرتون	1.5	72	190.590682
AR_26481	قبضات شعر	كرتون	1.25	72	180.28848
AR_26488	قبضات شعر	كرتون	0.5	72	190.590662
AR_26514	سفرة طاولة	كرتون	7.9	60	166.692036
AR_26515	سفر طاولة	كرتون	10	60	166.692036
AR_26519	غطاء غسالة 85*62*55 سم	كرتون	2.15	60	193.011795
					
AR_26520	غطاء غسالة 89*46*75 سم	كرتون	2.15	60	193.011795
AR_26521	غطاء غسالة 85*58*55 سم	كرتون	1.15	60	193.011795
AR_26522	مفارش ثلاجة	كرتون	6.4	60	122.825656
AR_26533	ليف جسم اطفال	كرتون	0.5	72	187.514143
AR_26538	ليف جسم اطفال	كرتون	3.75	72	203.139354
AR_26540	شنط قماش	كرتون	5.875	120	267.234743
AR_26567	مجموعه الوان مع لوح تلوين	كرتون	3.75	60	155.687191
AR_26568	مجموعه محفظه مع ساعه	كرتون	2.5	60	177.928266
AR_26569	مجموعه اقلام رصاص مع هندسه	كرتون	3.5	96	320.270857
AR_26570	مجموعه الوان فسفوريه مع مذكره	كرتون	5.75	96	270.450933
AR_26574	حبل زينة 280 متر 200 جرام	كرتون	3	72	182.504556
AR_26677	فرشة دولاب	كرتون	0.75	48	126.622121
AR_26678	فرشة دولاب	كرتون	0.75	48	126.622121
AR_26707	برطمان زجاج مدور 560 مل	كرتون	0.75	60	119.303299
AR_26708	برطمان زجاج مدور 630 مل	كرتون	0.75	48	103.078056
AR_26714	برطمان زجاج مربع 10*6 320 مل	كرتون	0.5	72	171.796742
AR_26717	برطمان زجاج مربع 20*6 680 مل	كرتون	0.5	48	152.708227
AR_26738	مخدات كرسي	كرتون	3	48	144.977087
AR_26739	مخدات كرسي	كرتون	1	48	151.99796
AR_26740	مخدات كرسي	كرتون	7.5	48	144.977087
AR_26759	علب هدايا طفوليه كبير	كرتون	4.75	100	449.007622
AR_26760	علب هدايا طفوليه صغير	كرتون	4.75	100	304.170292
AR_26761	علب هدايا طفوليه كبير	كرتون	2.75	100	470.739172
AR_26762	علب هدايا طفوليه صغير	كرتون	4.74	100	231.751628
AR_26764	علب هدايا صغير	كرتون	0.75	48	116.914485
AR_26772	علب هدايا صغير	كرتون	1.25	48	146.003645
AR_26829	علب مناديل جلد	كرتون	4	72	72
AR_26830	علب مناديل جلد	كرتون	11	72	191.064968
AR_26832	فلتر شفاط مطبخ	كرتون	2	72	167.181792
AR_26882	طقم اكواب زجاج 36ح	كرتون	2	4	113.413111
AR_26885	اكواب زجاج 4ح	كرتون	2.5	24	72.619267
AR_26891	قواعد كاسات زجاج 4ح	كرتون	4.5	48	136.095665
AR_26892	قواعد كاسات زجاج 4ح	كرتون	3.5	48	136.095665
AR_26898	اكواب زجاج 3ح	كرتون	24	48	127.376609
AR_26899	اكواب زجاج 3ح	كرتون	25	48	136.095665
AR_26900	اكواب زجاج 3ح	كرتون	13.5	48	136.095665
AR_26902	اكواب زجاج 4ح	كرتون	2	48	153.107609
AR_26903	اكواب زجاج 4ح	كرتون	1	48	153.107609
AR_26932	ملفات بلاسيتك	كرتون	10.5	60	152.851931
AR_26933	ملفات بلاسيتك	كرتون	6.5	60	167.181792
AR_26934	ملفات بلاسيتك	كرتون	12.5	60	167.181792
AR_26945	ورد بلاسيتك	كرتون	1	60	166.275069
AR_27107	سكاكين فواكه 6 قطع	كرتون	6.5	72	225.566536
					
AR_27108	سكاكين فواكه 12 قطعه	كرتون	7	72	225.566536
AR_27109	سكاكين فواكه 12 قطعه	كرتون	7	72	220.319204
AR_27115	مشن زيت بمقبض بلاستيك 20سم	كرتون	3	72	245.09715
AR_27116	مشن زيت مقبض بلاستيك 18سم	كرتون	4.25	72	227.991082
AR_27117	مشن زيت مقبض بلاستيك 16سم	كرتون	2.25	72	236.766303
AR_27119	مشن زيت 14 سم	كرتون	4.25	72	184.550039
AR_27120	مشن زيت 16 سم	كرتون	3.5	72	203.744527
AR_27121	مشن زيت 18 سم	كرتون	3.75	72	213.586952
AR_27122	مشن زيت 20 سم	كرتون	0.75	72	233.398142
AR_27124	خلاط كابتشينو	كرتون	9.5	72	226.798255
AR_27177	خلاط كابتشينو2	كرتون	1	60	175.377446
AR_28137	واقي ركبة	كرتون	6.4	100	221.181544
AR_28139	حزام مطاطي لتمارين اليوغا	كرتون	4	72	195.214051
AR_28150	كرات تنس الريشه	كرتون	2	50	139.130144
AR_28205	فلتر قهوة	كرتون	1.5	72	220
AR_28219	علاقي باب خشبي	كرتون	7	48	149.205944
AR_28234	صحون حديد بروست 35.5*26.5	كرتون	7.375	200	647.070441
AR_28236	صحون حديد بروست 35.5*26.5	كرتون	1.5	200	626.563527
AR_28237	صحون حديد بروست 35.5*26.5	كرتون	4	200	645.312705
AR_28244	مخدات كرسي	كرتون	0.5	60	199.49659
AR_28247	مخدات كرسي	كرتون	1.25	60	186.134039
AR_28258	رول فرشة طاولة	كرتون	1.5	48	147.10993
AR_28260	رول فرشة ادراج 45*150 سم	كرتون	2.75	72	215.384662
AR_28261	رول فرشة ادراج 45*150 سم	كرتون	1.75	72	188.79738
AR_28262	رول فرشة ادراج 4حبه	كرتون	5.5	48	129.408353
AR_28263	رول فرشة ادراج 4حبه	كرتون	2.5	48	129.408353
AR_28307_24	مراكن 2 حبة	كرتون	0.5	24	80
AR_28316	مراكن اشجار وسط	كرتون	1.75	48	175
AR_28322	مراكن اشجار 5 حبه	كرتون	1	48	170
AR_28325	مراكن اشجار	كرتون	1	48	170
AR_28347	شموع 4 حبات مقاس 4سم	كرتون	5.25	60	200
AR_28351	شموع	كرتون	0.25	60	200
AR_28362	ادوات اعياد الميلاد	كرتون	3	72	173.696181
AR_28366	بالونات طويلة 50 حبة	كرتون	3.61	100	286.534405
AR_28367	بالون مع استاند 20 حبة	كرتون	9.5	72	208.32513
AR_28368	استاند بالون	كرتون	0.5	50	180
AR_28416	مروحة	كرتون	1	60	131.96764
AR_28469	صحون تقديم بغطاء صغير	كرتون	5	72	255.389046
AR_28470	صحون تقديم بغطاء صغير	كرتون	4	72	256.83562
AR_28474	صحون تقديم بقاعدة كبير	كرتون	1	48	288.239013
AR_28515	احجار زينة	كرتون	11	8	23
AR_28516	احجار زينة	كرتون	1	4	22
AR_28519	احجار زينة	كرتون	20	8	26
					
AR_28520	احجار زينة	كرتون	19	4	26
AR_28521	احجار زينة	كرتون	37	8	26
AR_28522	احجار زينة	كرتون	21	4	26
AR_28523	احجار زينة	كرتون	37	8	26
AR_28524	احجار زينة	كرتون	28	4	26
AR_28525	احجار زينة	كرتون	21	8	26
AR_28526	احجار زينة	كرتون	18	4	26
AR_28527	احجار زينة	كرتون	14	8	20
AR_28528	احجار زينة	كرتون	19	4	20
AR_28529	احجار زينة	كرتون	59	8	23
AR_28530	احجار زينة	كرتون	68	4	23
AR_28559	لصق شفاف 8 حبه  2.8سم	كرتون	0.5	48	160
AR_28560	لصق شفاف جهتين	كرتون	1.5	60	200
AR_28562	لصق تغليف شفاف سم4.8×350 يارده	كرتون	13	36	200
AR_28563	لصق عازل كهربائي اسود	كرتون	3	48	160
AR_28565	لصق عازل كهربائي	كرتون	7.5	48	160
AR_28566	لصق تغليف سم4.8×350 يارده	كرتون	6	36	220
AR_28567	لصق تغليف مقاس سم 4.5×170 يارده	كرتون	3.25	48	160
AR_28568	غراء حراري	كرتون	1	72	235
AR_28570	شريط مانع السرب تفلون للسباكه 8 قطع	كرتون	9.75	72	235
AR_28571	لصق عرض خاص 8 قطع	كرتون	4	48	170
AR_28572	لصق شفاف صغيره 15 حبه	كرتون	5	60	200
AR_28573	لصق شفاف صغيره 10 حبه	كرتون	9	60	200
AR_28603	العاب	كرتون	0.5	72	204.908416
AR_28618	اكياس قماش 14 حبة 25*35	كرتون	2	48	151.198836
AR_28619	اكياس قماش 16 حبة 25*30	كرتون	2.5	48	143.999987
AR_28620	اكياس 5 حبة شخصيات 22*11*23	كرتون	6.75	60	168.747469
AR_28621	اكياس 4 حبة شخصيات 27*29*11	كرتون	7.25	60	161.997111
AR_28626	حقيبة ملابس 90*60	كرتون	4	72	161.997111
AR_28627	حقيبة ملابس 110*60	كرتون	3	72	183.593659
AR_28628	حقيبة ملابس 137*60	كرتون	1	72	215.999981
AR_28641	فازات شمعدان حجري	كرتون	6	48	326.198445
AR_28642	فازات شمعدان حجري	كرتون	6	48	326.198445
AR_28643	فازات شمعدان حجري	كرتون	3	48	326.198445
AR_28644	فازات شمعدان حجري	كرتون	4	48	326.198445
AR_28647	بوكس بالونات عيد ميلاد	كرتون	0.75	72	600
AR_28651	جاكت سباحة A	كرتون	0.5	72	271.281732
AR_28670	العاب تعليم	كرتون	8.25	72	239.320135
AR_28671	العاب تعليم	كرتون	5.75	72	239.320135
AR_28672	العاب تعليم	كرتون	2	60	195.00031
AR_28674	العاب تعليم	كرتون	5.75	72	234.004984
AR_28675	العاب تعليم	كرتون	2	72	239.320135
AR_28676	العاب تعليم	كرتون	8	72	239.320135
					
AR_28677	العاب تعليم	كرتون	5.5	72	228.689834
AR_28679	العاب	كرتون	1	144	472.865575
AR_28680	سبورة رسم مغناطيسية	كرتون	0.25	96	301.239226
AR_28683	شنطة خصر الرياضة مطاط	كرتون	7.5	72	240
AR_28684	شنط خصر الرياضة	كرتون	3	72	240
AR_28685	شنط خصر	كرتون	3	72	280
AR_28711	رول تنشيف مطبخ الوان	كرتون	3	100	350
AR_28717	رول تنشيف مطبخ 80	كرتون	2	80	260.004257
AR_28721	مشط شعر	كرتون	3.5	72	216.545571
AR_28736	اكواب زجاج شخصيات	كرتون	1	48	149.660917
AR_28737	اكواب زجاج شخصيات	كرتون	7	48	149.660917
AR_28738	اكواب زجاج شخصيات	كرتون	6	48	149.660917
AR_28739	اكواب زجاج شخصيات	كرتون	8.5	48	149.660917
AR_28740	اكواب زجاج شخصيات	كرتون	7	48	149.660917
AR_28741	اكواب زجاج شخصيات	كرتون	8	48	149.660917
AR_28745	اكواب سيراميك شخصيات	كرتون	1	48	142.533658
AR_28754	اكواب سيراميك شخصيات	كرتون	0.04167	48	142.533658
AR_28756	اكواب زجاج شخصيات	كرتون	1	48	156.788177
AR_28757	اكواب زجاج شخصيات	كرتون	4	48	156.788177
AR_28758	اكواب زجاج شخصيات	كرتون	0.5	48	156.788177
AR_28761	اكواب زجاج شخصيات	كرتون	4	48	156.788177
AR_28762	اكواب زجاج شخصيات	كرتون	4	48	156.788177
AR_28834	استاند تقديم قدور اسود 22سم	كرتون	7.5	60	199.49659
AR_28835	استاند تقديم قدور اسود 25سم	كرتون	7.5	60	213.743836
AR_28837	رف حمام تعليق ذهبي	كرتون	6.875	120	408.153189
AR_28838	استاند تجفيف ملاعق	كرتون	0.875	120	306.913181
AR_28839	سلة تقديم اسود مدورة مقعرة	كرتون	7	80	240.656602
AR_28840	سله تقديم اسود مدور	كرتون	9.5	48	125.401539
AR_28846	رف جداري+علاقه متعدد الاستخدام اسود	كرتون	1	48	174.79824
AR_28852	استاند غاز	كرتون	1.5	24	128.023695
AR_28853	علاقي باب	كرتون	3	48	147.316036
AR_28854	علاق جداري حديد اسود	كرتون	4.875	96	296.391921
AR_28891	اكواب سيراميك شخصيات	كرتون	1	36	106.89736
AR_28899	كوب زجاجي بغطاء+ملعقه تحريك	كرتون	2.25	36	225.920859
AR_28900	كوب زجاجي بغطاء+ملعقه تحريك	كرتون	6.75	36	225.920859
AR_28901	كوب زجاجي بغطاء+ملعقة تحريك	كرتون	5.75	36	225.920859
AR_28902	كوب زجاجي بغطاء + ملعقة تحريك	كرتون	3.25	36	225.920859
AR_28903	علبة بلاستيك	كرتون	3.5	60	196.270247
AR_28913	ريشه رسم 6 حبه	كرتون	6	72	217.204507
AR_28914	الوان رسم	كرتون	2.75	72	173.759011
AR_28915	عدة منحوتات	كرتون	2.75	72	238.927255
AR_28916	اقلام الوان جل لماع	كرتون	0.75	72	206.348877
AR_28917	عدة منحوتات	كرتون	4.75	72	238.927255
					
AR_28918	الوان مائيه	كرتون	2	48	144.799175
AR_28919	برطمان زجاج مدور 290 مل	كرتون	12.5	72	150
AR_28920	برطمان زجاج مدور 360 مل	كرتون	12.5	72	155
AR_28921	برطمان زجاج مدور 460 مل	كرتون	17	60	150
AR_28922	برطمان زجاج مدور 560 مل	كرتون	23	60	160
AR_28923	برطمان زجاج مدور 630 مل	كرتون	23	48	140
AR_28924	برطمان زجاج مدور 510 مل	كرتون	9	72	230
AR_28926	برطمان زجاج مدور 790 مل	كرتون	3	60	211
AR_28927	برطمان زجاج مدور 950 مل	كرتون	0.5	48	145
AR_28929	برطمان زجاج مدور بملعقة 220 مل	كرتون	2.5	72	180
AR_28930	برطمان زجاج  مدور بملعقة 300 مل	كرتون	2.5	72	180
AR_28931	برطمان زجاج مدور بملعقة 360 مل	كرتون	2	60	160
AR_28933	برطمان زجاج مدور بملعقة 560 مل	كرتون	2	48	145
AR_28935	براد شاي ml1000 سادة	كرتون	62.5	24	125
AR_28936	براد شاي ml1500 سادة	كرتون	12	24	135
AR_28937	براد شاي ml1800 سادة	كرتون	4	24	135
AR_28938	براد شاي ml1000 مشجر	كرتون	96	24	120
AR_28939	براد شاي ml1500 مشجر	كرتون	10	24	136
AR_28940	براد شاي ml1800 مشجر	كرتون	6.5	24	140
AR_28941	براد شاي ml1000 مشجر	كرتون	92.5	24	125
AR_28942	براد شاي ml1500 مشجر	كرتون	17.5	24	136
AR_28943	براد شاي ml1800 مشجر	كرتون	20.5	24	140
AR_28968	سلة نفايات	كرتون	3	60	144
AR_28982	اكواب بلاستيك شفاف بمقبض 6 قطع	كرتون	2	36	140
AR_28983	اكواب بلاستيك شفاف بمقبض 5 قطع	كرتون	2	36	150
AR_28985	اكواب بلاستيك شفاف بمقبض 5 قطع	كرتون	2	36	150
AR_28986	اكواب بلاستيك شفاف بمقبض 5 قطع	كرتون	2	36	150
AR_28987	اكواب بلاستيك شفاف بمقبض 5 قطع	كرتون	2	36	137
AR_29063	مساحات	كرتون	6.5	72	280
AR_29068	مشن طحين	كرتون	4.5	72	240
AR_29069	مفكات علب 2 حبة	كرتون	3.5	72	190
AR_29070	مفك علب 2 حبة	كرتون	2	72	250
AR_29077	مقص	كرتون	2.75	72	210
AR_29078	مقص	كرتون	3.75	72	210
AR_29095	ميزان شنطة سفر	كرتون	6.25	100	600
AR_29099	ميزان مطبخ رقمي مع وعاء	كرتون	10.5	40	235
AR_29122	سرير اطفال	كرتون	2.5	72	375
AR_29169	سلك غسيل	كرتون	3.9	70	165
AR_29197	حبل بلاستيك متعدد الاستخدام	كرتون	1.75	72	235
AR_29200	حبل غسيل بلاستيك 10متر * 8.2مم	كرتون	2.75	72	235
AR_29202	حبل غسيل مقاوم للرياح 10 م	كرتون	9.5	72	250
AR_29212	اكياس تخزين ملابس 20*30*45	كرتون	2.5	72	205
AR_4813	ادوات تقشير	كرتون	0.8	60	188
					
AR_4886	ادوات تقطيع كيك	كرتون	0.9	60	161.76
AR_M201	صحن تقديم بيضاوي 2 قطعة 10.5*20*27 سم	كرتون	26.75	24	61.580234
AR_M202	 صحن تقديم بيضاوي 1 قطعة 13.5*26*34 سم	كرتون	56.5	24	50.672906
AR_M203	 صحن تقديم بيضاوي 1 قطعة 15.5*29*39 سم	كرتون	12.5	24	62.269739
AR_M204	 صحن تقديم بيضاوي 1 قطعة 12*20*30 سم	كرتون	7.75	24	49.306427
AR_M205	 صحن تقديم بيضاوي قطعة 13.75*25*35 سم	كرتون	33.75	24	60.948105
AR_M206	 صحن تقديم 11.5*19*29 سم	كرتون	22	24	46.417965
AR_M207	 صحن تقديم 13*26*33 سم	كرتون	5	24	60.76221
AR_M208	 صحن تقديم 11.5*20*29سم	كرتون	8	24	52.11221
AR_M209	 صحن تقديم 13*23*33 سم	كرتون	3	24	60.76221
AR_M213	زبدية بغطاء 5*15*19 سم	كرتون	38.5	24	59.32221
AR_M214	زبدية بغطاء 6*20*20 سم	كرتون	3.75	24	69.41221
AR_M215	صحن دائري قطعتين 10*25*25 سم	كرتون	35.75	24	62.20221
AR_M216	صحن دائري 12*30*30سم	كرتون	33.75	24	60.76221
AR_M217	صحن دائري 13.5*34*34 سم	كرتون	8	24	70.85221
AR_M218	صحن بيضاوي صغير 5 قطع  7.5*12*19 سم 3	كرتون	17	24	62.063443
AR_M219	صحن بيضاوي صغير 4 قطع  8*12*20 سم 3	كرتون	30.25	24	61.675788
AR_M221	صحن سلطة 4قطع  4*13*13 سم	كرتون	5.75	24	60.76221
AR_M222	صحن سلطة 3 قطع  6*16*16 سم	كرتون	7.75	24	56.43221
AR_M224	صواني صغير 6 قطع  4*9*9 سم	كرتون	36	24	62.960563
AR_M225	صواني صغير 5 قطع  5*10*10 سم	كرتون	11.75	24	60.76221
AR_M226	صواني صغير 4 قطع 4.5*11.5*11.5 سم	كرتون	19.75	24	63.845306
BA_1006	حاجز باب 90	كرتون	11	48	100
BA_1007	حاجز باب 100	كرتون	13	48	105
BA_1008	حاجز باب 110	كرتون	10	48	105
BA_1009	حاجز باب 120	كرتون	14	48	105
BA_35760-A	تباسي حديد 33 سم	كرتون	1.41667	30	185
BA_4001	مناشف مطبخ مقاس 30*20 عدد 1 حبة - ملون	كرتون	0.5	96	270
BA_4002_A	مناشف مطبخ مقاس 16*27 عدد 2 حبة - ملون	كرتون	1	108	302
BA_4004_72	مناشف مطبخ مقاس 12*12عدد 4 حبة - ملون	كرتون	0.25	72	202
BA_4006	مناشف مطبخ عدد 6 حبة - ملون	كرتون	2.625	192	533
BA_5050	أحذية - تشكيلة متنوعة	كرتون	1	40	115
BA_5050_1_36/35	أحذية - أبيض 36/35	كرتون	9	40	114
BA_5050_1_40/39	أحذية - أبيض 40/39	كرتون	7	40	114
BA_5050_2_36/35	أحذية - أسود 36/35	كرتون	11	40	115
BA_5050_2_38/37	أحذية - أسود 38/37	كرتون	16	40	115
BA_5050_2_40/39	أحذية - أسود 40/39	كرتون	8	40	125
BA_5050_3_38/37	أحذية - وردي 38/37	كرتون	13	40	125
BA_5050_4_36/35	أحذية - اصفر 36/35	كرتون	4	40	125
BA_5050_4_38/37	أحذية - اصفر 38/37	كرتون	14	40	125
BA_5050_4_40/39	أحذية - اصفر 40/39	كرتون	4	40	125
BA_5050_5_40/39	أحذية - اخضر 40/39	كرتون	7	40	125
BA_5051_1_43/42	أحذية - أخضر 43/42	كرتون	2	50	150
					
BA_5051_1_45/44	أحذية - أخضر 45/44	كرتون	1.5	50	137.484507
BA_5053	أحذية - الوان مشكلة	كرتون	1	70	171.6
BA_5053_1_41/40	أحذية - اسود 41/40	كرتون	10	70	196.036364
BA_5053_1_43/42	أحذية - اسود 43/42	كرتون	7	70	200.4
BA_5053_1_45/44	أحذية - اسود 45/44	كرتون	11	70	203.6
BA_5053_2_41/40	أحذية - ازرق 41/40	كرتون	3	70	210
BA_5053_2_43/42	أحذية - ازرق 43/42	كرتون	2	70	210
BA_5053_2_45/44	أحذية - ازرق 45/44	كرتون	2	70	210
BA_5053_3_39/38	أحذية - اخضر 39/38	كرتون	3	70	171.6
BA_5053_3_41/40	أحذية - اخضر 41/40	كرتون	4	70	210
BA_5053_4_37/36	أحذية - وردي 37/36	كرتون	3	70	200.4
BA_5053_4_39/38	أحذية - وردي 39/38	كرتون	4	70	186.96
BA_5053_5_39/38	أحذية - اصفر 39/38	كرتون	2	70	184.4
BA_5053_6_37/38	أحذية - ابيض 37/38	كرتون	1	70	171.6
BA_5054	أحذية	كرتون	3	40	109.987606
BA_7152	مناشف مطبخ 3 حبة 12*12 سادة - ملون	كرتون	0.5	144	405
BA_7188	مناشف جسم 1 حبة 27*54 - ملون	كرتون	3	120	370
BA_7192	اغطية سرير - ملون	كرتون	0.25	60	370
BA_7237	مناشف مطبخ ملون 4 حبة 12*12	كرتون	0.125	144	435
BA_7239	مناشف مطبخ ملون 2 حبة 16*19	كرتون	2	180	550
BA_7242	مناشف مطبخ ابيض 4 حبة 12*12	كرتون	3.25	144	440
BA_7256	مناشف مطبخ 2 حبة 16*27 - ملون	كرتون	0.5	168	
BA_7258	مناشف مطبخ 2 حبة 16*27- ملون	كرتون	0.25	168	515
BA_7268	مناشف جسم 1 حبة 27*54 - ملون	كرتون	0.5	168	515
BA_7269	مناشف جسم 54*27 - ملون	كرتون	6.5	120	790
BA_7270	اغطية سرير - ملون	كرتون	0.25	48	300
BA_7274	شنط قهوة	كرتون	0.5	48	140
BA_7275	شنط قهوة	كرتون	35.5	24	155
BA_7279	مناشف جسم - ملون	كرتون	6.5	132	870
BA_7280	مناشف مطبخ 2 حبة  - ملون	كرتون	10	144	445
BA_7282	شنط قهوة	كرتون	14	12	37
BA_7283	شنط قهوة	كرتون	23	24	150
EAK_300030	قفل 30 ملم قطعتين	كرتون	1.875	120	330
EAK_300033	قفل 25 ملم - 3 قطع	كرتون	1.625	120	290
EAK_300034	قفل 30 ملم قطعتين	كرتون	2.5	120	290
EAK_300039	قفل طويل 25 ملم قطعتين	كرتون	2.75	120	240
EAK_300040	قفل درج ذهبي	كرتون	1	120	260
EAQ_200004	زراديات	كرتون	10	60	175
IBQ_200008	لصق كهربائي اسود	كرتون	12	50	170
IBQ_200040	لصق	كرتون	16	36	100
MS_111_Y	برطمان 50 مل دائري - غطاء اصفر	كرتون	10	88	270
MS_112_T	برطمان 50 مل دائري - غطاء شفاف	كرتون	23	88	270
MS_113_T	برطمان 100مل دائري - غطاء شفاف	كرتون	52	72	220
					
MS_114-Y	برطمان 100 مل دائري اصفر	كرتون	19	72	220
MS_3000-S	برطمانات 3000 مل  - غطاء احمر	كرتون	2.5	24	70
MS_3066-T	برطمان 1000مل شفاق مربع	كرتون	50	44	138
MS_306_Y	برطمان 30 مل دائري  - غطاء اصفر	كرتون	6	75	225
MS_307_T	برطمان 30 مل دائري  - غطاء شفاف	كرتون	20	75	230
MS_4000-S	برطمانات 4000 مل  - غطاء احمر	كرتون	19	24	70
OGS230071	مطارات رياضية راقي	كرتون	0.76	50	480.86
OGS_00002	قش مع غطاء	كرتون	59	300	454.763038
OGS_00004	شنط اكياس سفر M	كرتون	3	60	200
OGS_00005	شنط اكياس سفر L	كرتون	3	70	200
OGS_00020	ماسك مجات	كرتون	10	5000	411.918795
OGS_230001	مجات 750ml راقي	كرتون	5.7	30	450.591481
OGS_230002	مجات 750ml راقي	كرتون	8.5	30	451.982
OGS_230003	مجات 750ml راقي	كرتون	11.8	30	454.763038
OGS_230004	مجات 750ml راقي	كرتون	4.9	30	453.751752
OGS_230005	مجات 750ml راقي	كرتون	7.2	30	454.763038
OGS_230006	مجات 750ml راقي	كرتون	13.46	30	453.751752
OGS_230007	مجات 750ml راقي	كرتون	12.4	30	453.703595
OGS_230008	مجات 750ml راقي	كرتون	4.2	30	451.054988
OGS_230009	مجات 750ml راقي	كرتون	3.3	30	432.514735
OGS_230010	مجات 750ml راقي	كرتون	11.2	30	432.514735
OGS_230012	مجات 750ml راقي	كرتون	3.06667	30	432.514735
OGS_230014	مجات 750ml راقي	كرتون	4.7	30	432.514735
OGS_230015	مجات 750ml راقي	كرتون	4.13367	30	432.514735
OGS_230016	مجات 750ml راقي	كرتون	13.667	30	432.514735
OGS_230017	مجات 750ml راقي	كرتون	9.567	30	450
OGS_230018	مجات 750ml راقي	كرتون	14.8334	30	450
OGS_230019	مجات 750ml راقي	كرتون	8.2	30	450
OGS_230020	مجات ذهبي 750ml راقي	كرتون	13	30	450
OGS_230021	مجات نحاسي 750ml راقي	كرتون	4.96667	30	450
OGS_230022	مجات 750ml  راقي	كرتون	12.4	30	423.541839
OGS_230023	مجات 750ml راقي	كرتون	5.5	30	430
OGS_230024	مجات 750ml راقي	كرتون	12.56666	30	426
OGS_230025	مجات 750ml راقي	كرتون	4.03333	30	427
OGS_230026	مجات 750ml راقي	كرتون	12.63334	30	432.514735
OGS_230027	مجات 750ml راقي	كرتون	12.46666	30	432.514735
OGS_230028	مجات 750ml راقي	كرتون	10.96654	30	450
OGS_230030	مجات 500ml راقي	كرتون	0.06	50	0
OGS_230031	مجات 500ml راقي	كرتون	0.06	50	0
OGS_230035	مجات 500ml خشبي راقي	كرتون	1.34	50	700
OGS_230038	مجات 500ml خشبي راقي	كرتون	0.44	50	800
OGS_230040	زمزمية 750 مل أسود	كرتون	6.975	40	467.756268
OGS_230041	زمزمية 750 مل أزرق	كرتون	4.6	40	467.756268
					
OGS_230042	زمزمية 750 مل ابيض	كرتون	7.55	40	467.756268
OGS_230043	زمزمية 750 مل أحمر	كرتون	6.85	40	467.756268
OGS_230044	كوب سفر 900 مل وردي	كرتون	5.6	25	292.347667
OGS_230045	كوب سفر 900 مل ستيل	كرتون	1.08	25	292.347667
OGS_230046	كوب سفر 900 مل أبيض	كرتون	13.72	25	292.347667
OGS_230047	كوب سفر 900 مل أسود	كرتون	3.48	25	292.347667
OGS_230048	كوب سفر 900 مل أزرق	كرتون	5.92	25	292.347667
OGS_230061	مجات 500 ملي	كرتون	2.64	50	580
OGS_230063	مجات 500 ملي	كرتون	0.32	50	579.01
OGS_230067	مجات 500 ملي	كرتون	10.88	50	580.03
OGS_230068	مجات	كرتون	1.98	50	580
OGS_230069	مجات 500 ملي	كرتون	11.64	50	580
OGS_230070	مجات 500 ملي	كرتون	2.48	50	580
OGS_230071	مجات 500 ملي	كرتون	1.72	50	580
OGS_230072	مجات 500 ملي	كرتون	5.64	50	580
OGS_230074	مجات 500 ملي	كرتون	2.88	50	580
OGS_230075	مجات 500 ملي	كرتون	3.54	50	580
OGS_230080	مجات	كرتون	0.36	50	538.610118
OGS_230083	مجات 500 ملي	كرتون	0.86	50	580
OGS_230091	مجات 500 ملي	كرتون	1.86	50	483.476799
OGS_230093	مجات 500 ملي	كرتون	0.46	50	538.610118
OGS_230094	مجات 500 ml	كرتون	0.22	50	538.610118
OGS_230095	مجات 500 ملي	كرتون	0.84	50	538.610118
OGS_230098	مجات 500 ملي	كرتون	0.1	50	538.610118
OGS_230099	مجات 750ml راقي	كرتون	3.76667	30	432.514735
OGS_230100	مجات 750ml راقي	كرتون	4.6	30	432.514735
OGS_230101	مجات 750ml راقي	كرتون	2.8	30	432.514735
OGS_230102	مجات 750ml راقي	كرتون	4.8	30	432.514735
OGS_230103	مجات 750ml راقي	كرتون	2	30	432.514735
OGS_230104	مجات 750ml راقي	كرتون	0.90007	30	432.514735
OGS_230105	مجات 750ml راقي	كرتون	0.2	30	432.514735
OGS_230106	مجات 750ml راقي	كرتون	5.7	30	432.514735
OGS_230107	مجات 750ml راقي	كرتون	3.96667	30	432.514735
OGS_230108	مجات 750ml راقي	كرتون	3	30	432.514735
OGS_230109	مجات 750ml راقي	كرتون	5.5	30	432.514735
OGS_230110	مجات 750ml راقي	كرتون	2	30	432.514735
OGS_230111	مجات 750ml راقي	كرتون	0.4	30	432.514735
OGS_230112	مجات 750ml راقي	كرتون	3	30	432.514735
OGS_230113	مجات 750ml راقي	كرتون	4.8	30	432.514735
OGS_230114	مجات 750ml راقي	كرتون	5	30	432.514735
OGS_230115	مجات 750ml راقي	كرتون	4.36667	30	432.514735
OGS_230116	مجات 750ml راقي	كرتون	4.36667	30	432.514735
OGS_230117	مجات 750ml راقي	كرتون	4.4	30	450
					
OGS_230118	مجات 750ml راقي	كرتون	0.8	30	432.514735
OGS_230120	مجات 500 ملي	كرتون	0.2	50	538.610118
OGS_230123	مجات 500 ملي	كرتون	0.11	50	538.610118
OGS_25535	احذية	كرتون	11	24	180
OGS_25536	احذية	كرتون	14	24	180
OGS_25537	احذية	كرتون	10.5	24	180
OGS_25538	احذية	كرتون	12	24	180
OGS_25539	احذية	كرتون	3	24	180
OGS_25540	احذية	كرتون	12.5	24	180
OGS_25541	احذية	كرتون	12.5	24	180
OGS_25542	احذية	كرتون	5	24	180
OGS_25543	احذية	كرتون	8	24	180
OGS_25544	احذية	كرتون	1	24	190
OGS_25546	احذية	كرتون	0.08333	24	190
OGS_25548	احذية	كرتون	6.5	24	203.569179
OGS_25685	شورتات سباحة الوان فسفورية	كرتون	3	72	823.837591
OGS_25686	شورتات سباحة سادة	كرتون	1.66667	72	823.837591
OGS_25688	شورتات سباحة سادة	كرتون	7.66667	72	823.837591
OGS_25689	شورتات سباحة ملون	كرتون	2.66667	72	823.837591
OGS_25690	شورتات سباحة ملون	كرتون	9.16667	72	823.837591
OSG_25550	احذية نسائي	كرتون	9	24	203.569179
OSG_25552	احذية	كرتون	3.5	24	203.569179
OSG_25553	احذية	كرتون	6	24	203.569179
OSG_25554	احذية	كرتون	8.5	24	203.569179
OSG_25555	احذية نسائي	كرتون	12	24	179.350954
OSG_25556	احذية نسائي	كرتون	14	24	178.489011
OSG_25557	احذية نسائي	كرتون	17	24	178.024692
OSG_25558	احذية نسائي	كرتون	7	24	180
OSG_25559	احذية نسائي	كرتون	7	24	180
OSG_25560	احذية نسائي	كرتون	14	24	179.072464
OSG_25561	احذية نسائي	كرتون	18	24	178.611112
