مخزون جدة					مخزون الرياض	
رقم الصنف	سعر البيع				رقم الصنف	سعر البيع
ARM_10004	240				ARM_10004	240
ARM_10005	192				ARM_10013	144
ARM_10007	252				ARM_10014	128
ARM_10008	144				ARM_10015	128
ARM_10009	168				ARM_10026	168
ARM_10011	128				ARM_10031	128
ARM_10012	144				ARM_10032	128
ARM_10013	144				ARM_10036	312
ARM_10014	128				ARM_10038	144
ARM_10015	128				ARM_10039	128
ARM_10016	96				ART_9009	168
ARM_10017	72				ART_9022	144
ARM_10021	240				ART_9024	96
ARM_10022	192				ART_9036	192
ARM_10024	252				ART_9037	192
ARM_10025_36	144				ART_9039	144
ARM_10026	168				AR_10760	288
ARM_10027_36	144				AR_10762	288
ARM_10028	96				AR_10763	288
ARM_10028_32	128				AR_10764	288
ARM_10029	144				AR_10765	288
ARM_10030	144				AR_10766	288
ARM_10031	128				AR_10767	288
ARM_10032	128				AR_10768	288
ARM_10033	96				AR_10772	288
ARM_10034	72				AR_12257	288
ARM_10036	312				AR_12303	288
ARM_10038	144				AR_12305	288
ARM_10040	96				AR_12736	144
ART_9022	144				AR_12737	192
ART_9033	96				AR_12738	240
ART_9037	192				AR_12739	240
AR_10725	288				AR_12740	240
AR_10760	288				AR_12743	240
AR_10767	288				AR_12744	240
AR_10776	288				AR_12745	240
AR_12303	288				AR_12746	192
AR_12304	288				AR_12747	156
AR_12305	288				AR_12749	240
AR_12736	144				AR_12750	192
AR_12738	240				AR_12752	288
AR_12739	240				AR_12753	288
AR_12740	240				AR_12754	288
						
AR_12743	240				AR_12755	288
AR_12744	240				AR_12756	288
AR_12746	192				AR_12757	288
AR_12747	156				AR_12758_50	200
AR_12749	240				AR_20521	240
AR_12750	192				AR_20533	288
AR_12752	288				AR_20612	240
AR_12753	288				AR_20614	240
AR_12754	288				AR_20616	240
AR_12755	288				AR_20618	240
AR_12756	288				AR_20627_36	144
AR_12757	288				AR_20628	288
AR_12758_50	200				AR_20629_36	144
AR_13438	288				AR_20633_36	144
AR_13448	288				AR_20635_36	144
AR_13473	288				AR_20639_36	144
AR_13476	288				AR_20640_36	144
AR_13659	288				AR_20642_36	144
AR_14241	288				AR_20645	288
AR_14351	240				AR_20652_36	144
AR_14352	240				AR_20733	240
AR_14353	240				AR_21597	288
AR_14354	240				AR_21599	288
AR_14355	240				AR_21600	288
AR_14356	240				AR_21774	288
AR_14357	240				AR_21776	288
AR_14358	240				AR_21777	288
AR_14359	240				AR_22859	240
AR_14360	240				AR_22871	240
AR_14379	240				AR_22872	240
AR_14382	240				AR_23234	288
AR_14488	288				AR_23235	288
AR_20388	252				AR_23451	288
AR_20521	240				AR_23454	288
AR_20533	288				AR_23456	288
AR_20538	288				AR_23457	288
AR_20539	288				AR_23458	288
AR_20612	240				AR_23461	288
AR_20614	240				AR_23462	288
AR_20618	240				AR_23464	288
AR_20619	288				AR_23548	576
AR_20620	288				AR_23549	576
AR_20621_36	144				AR_23550	576
						
AR_20622_36	144				AR_23551	576
AR_20624	288				AR_23552	576
AR_20626	288				AR_23553	576
AR_20627	288				AR_23556	576
AR_20627_36	144				AR_23559	576
AR_20628	288				AR_23653	288
AR_20628_36	144				AR_23654	288
AR_20629	288				AR_23655	288
AR_20629_36	144				AR_23656	288
AR_20630	288				AR_23657	288
AR_20630_36	144				AR_23659	288
AR_20632	288				AR_23660	288
AR_20633	288				AR_23661	288
AR_20635	288				AR_23662	288
AR_20635_36	144				AR_23663	288
AR_20636	288				AR_23664	288
AR_20637	288				AR_23665	288
AR_20639_36	144				AR_23666	288
AR_20640_36	144				AR_23667	288
AR_20641_36	144				AR_23669	288
AR_20642_36	144				AR_23888	288
AR_20643	288				AR_23908	192
AR_20643_36	144				AR_23926	288
AR_20644_36	144				AR_23954	288
AR_20645	288				AR_24257	288
AR_20650_36	144				AR_24261	288
AR_20651_36	144				AR_24262	288
AR_20652_36	144				AR_24380	240
AR_20653	210				AR_24433	192
AR_20656	210				AR_24703	240
AR_20657	210				AR_24811	288
AR_20658	210				AR_24812	288
AR_20660	210				AR_24813	288
AR_20661	210				AR_24814	288
AR_20662	210				AR_24868	576
AR_20663	210				AR_24902	288
AR_20697	192				AR_25006	288
AR_20705	192				AR_25044	288
AR_20706	192				AR_25046	192
AR_20711	192				AR_25050	288
AR_20734	240				AR_25051	384
AR_20735	240				AR_25053	288
AR_20737	240				AR_25054	288
						
AR_20741	240				AR_25058	240
AR_20743	240				AR_25086	288
AR_20745	240				AR_25089	288
AR_20746	240				AR_25090	192
AR_20747	240				AR_25095	288
AR_20748	240				AR_25103	288
AR_20754	240				AR_25109	240
AR_20890	180				AR_25166	288
AR_20891	180				AR_25174	288
AR_20892	180				AR_25175	288
AR_20893	180				AR_25177	240
AR_20894	180				AR_25178	288
AR_20895	180				AR_25182	288
AR_20898	432				AR_25195	65
AR_20900	432				AR_25199	288
AR_20904	432				AR_25200	288
AR_20905	432				AR_25202	288
AR_20906	432				AR_25203	288
AR_20907	432				AR_25204	288
AR_20908	432				AR_25205	288
AR_20909	432				AR_25253	240
AR_20910	432				AR_25265	288
AR_20993	168				AR_25309	240
AR_20994	168				AR_25626	288
AR_20995	168				AR_25629	384
AR_20996	168				AR_25669	320
AR_20997	168				AR_25671	240
AR_21084	210				AR_25672	320
AR_21115	192				AR_25775	288
AR_21116	192				AR_25784	192
AR_21117	192				AR_25807	288
AR_21118	192				AR_25815	288
AR_21119	192				AR_25818	288
AR_21120	192				AR_25919	240
AR_21121	192				AR_25921	240
AR_21122	192				AR_25923	320
AR_21123	192				AR_25924	288
AR_21124	192				AR_25928	288
AR_21125	192				AR_25929	240
AR_21126	192				AR_25931	240
AR_21127	192				AR_25934	288
AR_21128	192				AR_25940	384
AR_21130	192				AR_25941	384
						
AR_21138	192				AR_25944	192
AR_21205	288				AR_25945	192
AR_21483	240				AR_25946	192
AR_21485	240				AR_25948	192
AR_21487	240				AR_25949	192
AR_21547	288				AR_25950	192
AR_21549	288				AR_25952	240
AR_21550	288				AR_25953	256
AR_21551	288				AR_25972	240
AR_21553	288				AR_25973	240
AR_21597	288				AR_25975_60	240
AR_21611	288				AR_25981_72	288
AR_21612	288				AR_25989	510
AR_21613	288				AR_26023	240
AR_21614	288				AR_26024	240
AR_21615	288				AR_26025	240
AR_21616	288				AR_26026	240
AR_21617	288				AR_26029	240
AR_21618	288				AR_26052	192
AR_21619	288				AR_26068	288
AR_21757	240				AR_26072	288
AR_21774	288				AR_26075	288
AR_21776	288				AR_26171	192
AR_21777	288				AR_26187	400
AR_21806	288				AR_26189	240
AR_21807	288				AR_26201	288
AR_21808	288				AR_26233	288
AR_21946	240				AR_26239	384
AR_21993	288				AR_26280	288
AR_22267	210				AR_26281	288
AR_22269	210				AR_26282	288
AR_22270	210				AR_26283	288
AR_22272	210				AR_26284	384
AR_22273	210				AR_26313	144
AR_22278	210				AR_26323	288
AR_22280	210				AR_26341	240
AR_22281	210				AR_26342	240
AR_22294	210				AR_26343	240
AR_22348	288				AR_26373	192
AR_22418	288				AR_26374	192
AR_22419	288				AR_26375	192
AR_22421	288				AR_26376	192
AR_22422	288				AR_26377	288
						
AR_22423	288				AR_26378	288
AR_22563	288				AR_26426	192
AR_22564	288				AR_26475	288
AR_22639	192				AR_26476	288
AR_22646	144				AR_26477	288
AR_22725	288				AR_26478	288
AR_22726	288				AR_26479	288
AR_22727	288				AR_26514	240
AR_22728	288				AR_26515	240
AR_22730	288				AR_26519	240
AR_22733	288				AR_26520	240
AR_22739	288				AR_26521	240
AR_22740	288				AR_26522	240
AR_22745	384				AR_26533	288
AR_22753	384				AR_26538	288
AR_22755	288				AR_26540	480
AR_22767	288				AR_26567	240
AR_22768	288				AR_26574	288
AR_22853	240				AR_26740	192
AR_22859	240				AR_26759	800
AR_22860	240				AR_26760	400
AR_22875	240				AR_26761	800
AR_22878	240				AR_26772	192
AR_22989	384				AR_26892	192
AR_23039	288				AR_26932	240
AR_23053	288				AR_26933	240
AR_23168	288				AR_26934	240
AR_23170	288				AR_27107	288
AR_23234	288				AR_27108	288
AR_23235	288				AR_27109	288
AR_23236	288				AR_27115	288
AR_23416	480				AR_27116	288
AR_23417	480				AR_27117	288
AR_23418	576				AR_27119	288
AR_23419	576				AR_27120	288
AR_23420	240				AR_27121	288
AR_23454	288				AR_27122	288
AR_23456	288				AR_278	120
AR_23457	288				AR_279	96
AR_23458	288				AR_281	120
AR_23461	288				AR_28128	192
AR_23462	288				AR_28137	400
AR_23464	288				AR_28139	288
						
AR_23548	576				AR_28219	192
AR_23549	576				AR_28234	800
AR_23550	576				AR_28235	800
AR_23551	576				AR_28236	800
AR_23552	576				AR_28237	800
AR_23553	576				AR_28244	240
AR_23556	576				AR_28247	240
AR_23558	576				AR_28248	240
AR_23559	576				AR_28258	192
AR_23606	288				AR_28260	288
AR_23653	288				AR_28261	288
AR_23654	288				AR_28262	192
AR_23655	288				AR_28263	192
AR_23656	288				AR_28264	288
AR_23657	288				AR_28265	288
AR_23659	288				AR_283	120
AR_23660	288				AR_28316	192
AR_23661	288				AR_28367	288
AR_23662	288				AR_28469	288
AR_23663	288				AR_28470	288
AR_23664	288				AR_28473	288
AR_23665	288				AR_28474	384
AR_23666	288				AR_285	144
AR_23667	288				AR_28519	32
AR_23669	288				AR_28521	32
AR_23780	288				AR_28522	32
AR_23853	288				AR_28523	32
AR_23888	288				AR_28524	32
AR_23908	192				AR_28525	32
AR_23926	288				AR_28526	32
AR_24250	288				AR_28528	32
AR_24251	288				AR_28529	32
AR_24259	288				AR_28530	32
AR_24260	288				AR_28565	192
AR_24261	288				AR_28570	288
AR_24262	288				AR_28571	192
AR_24263	288				AR_28572	240
AR_24264	288				AR_28573	240
AR_24703	240				AR_286	120
AR_24763	960				AR_28620	240
AR_24764	960				AR_28621	240
AR_24765	960				AR_28626	288
AR_24811	288				AR_28628	288
						
AR_24812	288				AR_28641	384
AR_24813	288				AR_28642	384
AR_24814	288				AR_28643	384
AR_24868	576				AR_28644	384
AR_24902	288				AR_28670	288
AR_24915	288				AR_28671	288
AR_25044	288				AR_28674	288
AR_25046	192				AR_28676	288
AR_25047	288				AR_28677	288
AR_25051	384				AR_28679	576
AR_25053	288				AR_28683	288
AR_25054	288				AR_28684	288
AR_25058	240				AR_28685	288
AR_25086	288				AR_287	72
AR_25089	288				AR_28721	288
AR_25099	288				AR_28736	192
AR_25109	240				AR_28737	192
AR_25166	288				AR_28738	192
AR_25174	288				AR_28739	192
AR_25175	288				AR_28740	192
AR_25177	240				AR_28741	192
AR_25178	288				AR_28756	192
AR_25199	288				AR_28757	192
AR_25200	288				AR_28758	192
AR_25202	288				AR_28759	192
AR_25203	288				AR_28761	192
AR_25204	288				AR_28762	192
AR_25205	288				AR_28834	240
AR_25253	240				AR_28835	240
AR_25255	240				AR_28837	480
AR_25279	240				AR_28839	320
AR_25309	240				AR_28840	192
AR_25324	144				AR_28854	384
AR_25335	480				AR_28899	288
AR_25337	192				AR_289	96
AR_25338	192				AR_28900	288
AR_25626	288				AR_28901	288
AR_25629	384				AR_28902	288
AR_25669	320				AR_28903	240
AR_25671	240				AR_28913	288
AR_25672	320				AR_28914	288
AR_25717	288				AR_28915	288
AR_25729	288				AR_28917	288
						
AR_25775	288				AR_28919	288
AR_25783	192				AR_28920	288
AR_25784	192				AR_28921	240
AR_25788	192				AR_28922	240
AR_25789	192				AR_28923	192
AR_25818	288				AR_28936	192
AR_25919	240				AR_28939	192
AR_25921	240				AR_28940	192
AR_25923	320				AR_28942	192
AR_25928	288				AR_28943	192
AR_25929	240				AR_28982	162
AR_25930	240				AR_28983	162
AR_25931	240				AR_28985	162
AR_25934	288				AR_28987	162
AR_25940	384				AR_29063	288
AR_25941	384				AR_29068	288
AR_25944	192				AR_29069	288
AR_25945	192				AR_29070	288
AR_25946	192				AR_29078	288
AR_25948	192				AR_29095	800
AR_25949	192				AR_29099	320
AR_25950	192				AR_29122	576
AR_25952	240				AR_29168	260
AR_25972	240				AR_29169	280
AR_25973	240				AR_29202	288
AR_25975_60	240				AR_29240	288
AR_25978	192				AR_29241	288
AR_25981_72	288				AR_29244	288
AR_25989	510				AR_29245	288
AR_26023	240				AR_29246	288
AR_26024	240				AR_29250	288
AR_26025	240				AR_29251	288
AR_26026	240				BAT-00112	240
AR_26029	240				BAT-00114	240
AR_26053	240				BAT-00116	240
AR_26068	288				BAT-00117	288
AR_26072	288				BAT-00118	288
AR_26075	288				BAT-00134	48
AR_26171	192				BAT-00135	60
AR_26201	288				BAT-00138	80
AR_26233	288				BAT-00139	100
AR_26238	384				BAT-00180	280
AR_26239	384				BAT-00181	280
						
AR_26240	1440				BAT-00182	280
AR_26266	192				BAT-00183	280
AR_26280	288				BAT-00184	280
AR_26281	288				BAT-00185	450
AR_26282	288				BAT-00206	1260
AR_26283	288				BAT-00207	1440
AR_26284	384				BAT-00208	1344
AR_26323	288				BAT-00215	1020
AR_26341	240				BAT-00216	1140
AR_26373	192				BAT-00217	1008
AR_26374	192				BAT-00226	912
AR_26375	192				BAT-00227	1056
AR_26376	192				BAT-00228	1000
AR_26377	288				BAT-00230	432
AR_26378	288				BAT-00409	450
AR_26389	480				BAT-00410	450
AR_26426	192				BAT-00411	550
AR_26427	192				BAT-00412	450
AR_26428	192				BAT-00413	144
AR_26429	288				BAT-00414	216
AR_26474	288				BAT-00415	275
AR_26475	288				BAT-00416	325
AR_26476	288				BAT-00417	375
AR_26477	288				BAT-00418	504
AR_26478	288				BAT-00419	414
AR_26479	288				BAT-00420	216
AR_26514	240				BAT-00421	216
AR_26515	240				BAT-00423	352
AR_26519	240				BAT-00424	348
AR_26520	240				BAT-00425	396
AR_26521	240				BAT-00426	324
AR_26522	240				BAT-00427	360
AR_26523	240				BAT-00432	204
AR_26524	240				BAT-00434	216
AR_26538	288				BAT-00435	330
AR_26540	480				BAT-00436	420
AR_26567	240				BAT-00437	510
AR_26568	240				BAT-00438	450
AR_26569	384				BAT-00439	450
AR_26570	384				BAT-00466	108
AR_26574	288				BAT-00467	90
AR_26677	192				BAT-00468	108
AR_26707	240				BAT-28645	540
						
AR_26738	192				BAT-28646	432
AR_26740	192				BAT-28858	270
AR_26755	240				BAT-28967	240
AR_26759	800				BAT-28993	420
AR_26760	400				BAT-28997	360
AR_26761	800				BAT-28998	360
AR_26762	400				BA_018	54
AR_26764	192				BA_045	165
AR_26772	192				BA_052	204
AR_26828	288				BA_063	210
AR_26830	288				BA_069	168
AR_26832	288				BA_070	300
AR_26882	152				BA_093	72
AR_26885	96				BA_100	420
AR_26898	192				BA_1033	180
AR_26899	192				BA_1034	180
AR_26900	192				BA_1035	180
AR_26902	192				BA_1036	180
AR_26903	192				BA_106_11	216
AR_26932	240				BA_116	84
AR_26933	240				BA_124	22
AR_26934	240				BA_131	127.5
AR_27107	288				BA_143	144
AR_27108	288				BA_148	72
AR_27109	288				BA_155	96
AR_27115	288				BA_162	96
AR_27116	288				BA_166	162
AR_27117	288				BA_167	90
AR_27119	288				BA_195	210
AR_27120	288				BA_202	1
AR_27121	288				BA_203	1
AR_27122	288				BA_204	1
AR_278	120				BA_215	189
AR_279	96				BA_225	160
AR_281	120				BA_229	27
AR_28137	400				BA_232	216
AR_28139	288				BA_234	108
AR_28150	200				BA_249	204
AR_28219	192				BA_285	12
AR_28234	800				BA_296	96
AR_28236	800				BA_298	144
AR_28237	800				BA_301	72
AR_28258	192				BA_319	140
						
AR_28260	288				BA_326	144
AR_28261	288				BA_342	27
AR_28262	192				BA_357	120
AR_28263	192				BA_4001_A	480
AR_283	120				BA_406	54
AR_28307_24	96				BA_444	120
AR_28325	192				BA_461	15
AR_28347	240				BA_5050_4_36/35	160
AR_28362	288				BA_5053_1_41/40	280
AR_28366	400				BA_5053_1_43/42	280
AR_28367	288				BA_5053_3_39/38	280
AR_28469	288				BA_5053_3_41/40	280
AR_28470	288				BA_515	72
AR_285	144				BA_560	108
AR_28519	32				BA_564	13
AR_28520	32				BA_571	256
AR_28521	32				BA_585	14
AR_28522	32				BA_591	144
AR_28523	32				BA_608	54
AR_28524	32				BA_615	72
AR_28525	32				BA_622	64
AR_28526	32				BA_649	48
AR_28527	32				BA_7188	480
AR_28528	32				BA_7259	432
AR_28529	32				BA_7269	1080
AR_28530	32				BA_727	32
AR_28558	576				BA_7275	192
AR_28563	192				BA_7283	192
AR_28565	192				BA_7301	128
AR_28570	288				BA_7302	96
AR_28571	192				BA_7303	160
AR_28572	240				BA_734	216
AR_28573	240				BA_789	96
AR_286	120				BA_796	150
AR_28618	192				BA_806	108
AR_28619	192				BA_822	14
AR_28620	240				BA_829	102
AR_28621	240				BA_830	12
AR_28626	288				BA_837	120
AR_28627	288				BA_843	72
AR_28628	288				BA_846	84
AR_28641	384				BA_956	88
AR_28642	384				BA_973	240
						
AR_28643	384				BA_997	96
AR_28644	384				EAK_300034	480
AR_28647	648				EAK_300039	480
AR_28651	576				GLS17PP	120
AR_28670	288				IBQ_200028	0
AR_28671	288				MS_3012	168
AR_28674	288				MS_3019	168
AR_28676	288				MS_3030	192
AR_28677	288				OGS230054	850
AR_28683	288				OGS230057	850
AR_28685	288				OGS230058	850
AR_287	72				OGS230059	850
AR_28711	400				OGS230060	850
AR_28717	320				OGS230078	850
AR_28721	288				OGS230079	850
AR_28736	192				OGS_00002	600
AR_28737	192				OGS_230001	690
AR_28738	192				OGS_230002	690
AR_28739	192				OGS_230003	690
AR_28740	192				OGS_230004	690
AR_28741	192				OGS_230005	690
AR_28754	192				OGS_230006	690
AR_28757	192				OGS_230007	690
AR_28758	192				OGS_230008	690
AR_28761	192				OGS_230009	690
AR_28762	192				OGS_230010	690
AR_288	120				OGS_230014	690
AR_28834	240				OGS_230015	690
AR_28835	240				OGS_230016	690
AR_28837	480				OGS_230017	690
AR_28839	320				OGS_230018	690
AR_28840	192				OGS_230019	690
AR_28846	192				OGS_230020	690
AR_28850	432				OGS_230022	690
AR_28899	288				OGS_230023	690
AR_289	96				OGS_230024	540
AR_28900	288				OGS_230025	690
AR_28901	288				OGS_230026	690
AR_28902	288				OGS_230027	690
AR_28903	240				OGS_230028	690
AR_28913	288				OGS_230034	1150
AR_28914	288				OGS_230041	920
AR_28915	288				OGS_230042	920
						
AR_28916	288				OGS_230043	920
AR_28917	288				OGS_230055	850
AR_28919	288				OGS_230056	850
AR_28920	288				OGS_230066	850
AR_28921	240				OGS_230066_48	816
AR_28922	240				OGS_230072	850
AR_28923	192				OGS_230087_48	816
AR_28935	168				OGS_230099	690
AR_28936	192				OGS_230100	690
AR_28938	168				OGS_230101	690
AR_28939	192				OGS_230102	690
AR_28940	192				OGS_230104	690
AR_28941	168				OGS_230108	690
AR_28942	192				OGS_230109	690
AR_28943	192				OGS_230110	690
AR_28947	192				OGS_230112	690
AR_28968	240				OGS_230113	690
AR_28980	180				OGS_230114	690
AR_28981	180				OGS_230115	690
AR_28982	162				OGS_230116	690
AR_28987	162				OGS_230118	690
AR_29063	288				OGS_230120_48	816
AR_29068	288				OGS_25535	192
AR_29069	288				OGS_25536	192
AR_29070	288				OGS_25538	192
AR_29077	288				OGS_25540	192
AR_29078	288				OGS_25541	192
AR_29095	800				OGS_25543	192
AR_29099	320				OGS_25548	192
AR_29122	576				OSG_25550	192
AR_29202	288				OSG_25552	192
AR_29212	288				OSG_25553	192
AR_295	4				OSG_25554	192
AR_296	4				OSG_25555	192
AR_297	4				OSG_25556	192
AR_4886	240				OSG_25557	192
AR_M201	96				OSG_25558	192
AR_M202	96				OSG_25559	192
AR_M203	96				OSG_25560	192
AR_M204	96				OSG_25561	192
AR_M205	96				OGS_230034	1150
AR_M206	96				OGS_230041	920
AR_M207	96				OGS_230042	920
						
AR_M208	96				OGS_230043	920
AR_M213	96				OGS_230055	850
AR_M215	96				OGS_230056	850
AR_M216	96				OGS_230066	850
AR_M218	96				OGS_230066_48	816
AR_M219	96				OGS_230067	850
AR_M222	96				OGS_230069	850
AR_M224	96				OGS_230072	850
AR_M225	96				OGS_230087_48	816
AR_M226	96				OGS_230099	690
BA_045	165				OGS_230100	690
BA_052	204				OGS_230101	690
BA_063	210				OGS_230102	690
BA_069	168				OGS_230104	690
BA_070	300				OGS_230108	690
BA_093	72				OGS_230109	690
BA_100	420				OGS_230110	690
BA_1006	144				OGS_230112	690
BA_1007	144				OGS_230113	690
BA_1033	180				OGS_230114	690
BA_1034	180				OGS_230115	690
BA_1035	180				OGS_230116	690
BA_1036	180				OGS_230118	690
BA_106_11	216				OGS_230120_48	816
BA_116	84				OGS_25535	192
BA_131	127.5				OGS_25536	192
BA_137	192				OGS_25538	192
BA_143	144				OGS_25540	192
BA_148	72				OGS_25541	192
BA_155	96				OGS_25543	192
BA_162	96				OGS_25548	192
BA_166	162				OSG_25550	192
BA_167	90				OSG_25552	192
BA_195	210				OSG_25553	192
BA_215	189				OSG_25554	192
BA_225	160				OSG_25555	192
BA_229	27				OSG_25556	192
BA_232	216				OSG_25557	192
BA_234	108				OSG_25558	192
BA_249	204				OSG_25559	192
BA_285	12				OSG_25560	192
BA_298	144				OSG_25561	192
BA_301	72				PAG_100024	1
						
BA_319	140					
BA_326	144					
BA_352	48					
BA_357	120					
BA_371	54					
BA_406	54					
BA_423_12	48					
BA_444	120					
BA_495	120					
BA_5050_2_36/35	160					
BA_5050_2_38/37	160					
BA_5050_3_38/37	160					
BA_5050_4_38/37	160					
BA_5053_1_41/40	280					
BA_5053_1_43/42	280					
BA_5053_1_45/44	280					
BA_515	72					
BA_560	108					
BA_564	13					
BA_571	256					
BA_585	14					
BA_591	144					
BA_608	54					
BA_615	72					
BA_622	64					
BA_649	48					
BA_727	32					
BA_7275	192					
BA_7279	1122					
BA_7280	576					
BA_7283	192					
BA_7286	540					
BA_7289	576					
BA_7290	864					
BA_7291	960					
BA_7292	672					
BA_7301	128					
BA_7302	96					
BA_7303	160					
BA_734	216					
BA_789	96					
BA_796	150					
BA_806	108					
						
BA_830	12					
BA_837	120					
BA_843	72					
BA_846	84					
BA_956	88					
BA_973	240					
BA_997	96					
EAK_300005	288					
EAK_300007	576					
EAK_300030	480					
EAQ_200004	240					
EAR_200001	240					
IBQ_200007	480					
IBQ_200008	200					
IBQ_200016	144					
IBQ_200040	144					
JAA_300006	900					
JAA_300008	800					
JAA_300009	800					
JAA_300010	800					
JAA_300011	800					
JAA_300012	800					
JAA_300013	800					
JAA_300016	800					
JAA_300017	800					
JAA_300022	800					
MS_111_Y	352					
MS_112_T	352					
MS_113_T	288					
MS_114-Y	288					
MS_152	264					
MS_200	192					
MS_2021	144					
MS_2029	144					
MS_301_C	252					
MS_301_Y	252					
MS_302	252					
MS_3040.	128					
MS_307_T	300					
MS_4000-S	96					
MS_4001	144					
MS_5051	96					
OGS_00002	600					
						
OGS_00004	480					
OGS_00005	560					
OGS_00020	0					
OGS_230001	690					
OGS_230002	690					
OGS_230003	690					
OGS_230004	690					
OGS_230005	690					
OGS_230006	690					
OGS_230007	690					
OGS_230008	690					
OGS_230009	690					
OGS_230010	690					
OGS_230012	690					
OGS_230014	690					
OGS_230015	690					
OGS_230016	690					
OGS_230017	690					
OGS_230018	690					
OGS_230019	690					
OGS_230020	690					
OGS_230021	690					
OGS_230022	690					
OGS_230023	690					
OGS_230024	540					
OGS_230025	690					
OGS_230026	690					
OGS_230027	690					
OGS_230028	690					
OGS_230030	850					
OGS_230031	850					
OGS_230035	1150					
OGS_230038	1150					
OGS_230040	920					
OGS_230041	920					
OGS_230042	920					
OGS_230043	920					
OGS_230044	575					
OGS_230046	575					
OGS_230048	575					
OGS_230051	690					
OGS_230061	850					
OGS_230063	850					
						
OGS_230067	850					
OGS_230068	850					
OGS_230069	850					
OGS_230070	850					
OGS_230071	850					
OGS_230072	850					
OGS_230074	850					
OGS_230075	850					
OGS_230091	850					
OGS_230094	850					
OGS_230095	850					
OGS_230099	690					
OGS_230100	690					
OGS_230101	690					
OGS_230102	690					
OGS_230103	690					
OGS_230106	690					
OGS_230107	690					
OGS_230108	690					
OGS_230109	690					
OGS_230110	690					
OGS_230111	690					
OGS_230112	690					
OGS_230113	690					
OGS_230114	690					
OGS_230115	690					
OGS_230116	690					
OGS_230117	690					
OGS_230118	690					
OGS_230123	850					
OGS_25535	192					
OGS_25536	192					
OGS_25537	192					
OGS_25538	192					
OGS_25539	192					
OGS_25540	192					
OGS_25541	192					
OGS_25542	192					
OGS_25543	192					
OGS_25546	192					
OGS_25548	192					
OGS_25685	936					
OGS_25686	936					
						
OGS_25688	936					
OGS_25689	936					
OGS_25690	936					
OSG_25550	192					
OSG_25552	192					
OSG_25553	192					
OSG_25554	192					
OSG_25555	192					
OSG_25556	192					
OSG_25557	192					
OSG_25558	192					
OSG_25559	192					
OSG_25560	192					
OSG_25561	192					
OGS_230095	850					
OGS_230099	690					
OGS_230100	690					
OGS_230101	690					
OGS_230102	690					
OGS_230103	690					
OGS_230106	690					
OGS_230107	690					
OGS_230108	690					
OGS_230109	690					
OGS_230110	690					
OGS_230111	690					
OGS_230112	690					
OGS_230113	690					
OGS_230114	690					
OGS_230115	690					
OGS_230116	690					
OGS_230117	690					
OGS_230118	690					
OGS_230123	850					
OGS_25535	192					
OGS_25536	192					
OGS_25537	192					
OGS_25538	192					
OGS_25539	192					
OGS_25540	192					
OGS_25541	192					
OGS_25542	192					
OGS_25543	192					
						
OGS_25544	192					
OGS_25546	192					
OGS_25548	192					
OGS_25685	936					
OGS_25686	936					
OGS_25688	936					
OGS_25689	936					
OGS_25690	936					
OSG_25550	192					
OSG_25552	192					
OSG_25553	192					
OSG_25554	192					
OSG_25555	192					
OSG_25556	192					
OSG_25557	192					
OSG_25558	192					
OSG_25559	192					
OSG_25560	192					
OSG_25561	192					
OGS_25685	936					
OGS_25686	936					
OGS_25688	936					
OGS_25689	936					
OGS_25690	936					
OSG_25550	192					
OSG_25552	192					
OSG_25553	192					
OSG_25554	192					
OSG_25555	192					
OSG_25556	192					
OSG_25557	192					
OSG_25558	192					
OSG_25559	192					
OSG_25561	192					
OGS_230047	575					
OGS_230048	575					
OGS_230061	850					
OGS_230063	850					
OGS_230067	850					
OGS_230068	850					
						
OGS_230069	850					
OGS_230070	850					
OGS_230071	850					
OGS_230072	850					
OGS_230074	850					
OGS_230075	850					
OGS_230080	850					
OGS_230083	850					
OGS_230091	850					
OGS_230093	850					
OGS_230094	850					
OGS_230095	850					
OGS_230098	850					
OGS_230099	690					
OGS_230100	690					
OGS_230101	690					
OGS_230102	690					
OGS_230103	690					
OGS_230104	690					
OGS_230105	690					
OGS_230106	690					
OGS_230107	690					
OGS_230108	690					
OGS_230109	690					
OGS_230110	690					
OGS_230111	690					
OGS_230112	690					
OGS_230113	690					
OGS_230114	690					
OGS_230115	690					
OGS_230116	690					
OGS_230117	690					
OGS_230118	690					
OGS_230120	850					
OGS_230123	850					
OGS_25535	192					
OGS_25536	192					
OGS_25537	192					
OGS_25538	192					
OGS_25539	192					
OGS_25540	192					
OGS_25541	192					
OGS_25542	192					
						
OGS_25543	192					
OGS_25544	192					
OGS_25546	192					
OGS_25548	192					
OGS_25685	936					
OGS_25686	936					
OGS_25688	936					
OGS_25689	936					
OGS_25690	936					
OSG_25550	192					
OSG_25552	192					
OSG_25553	192					
OSG_25554	192					
OSG_25555	192					
OSG_25556	192					
OSG_25557	192					
OSG_25558	192					
OSG_25559	192					
OSG_25560	192					
OSG_25561	192					
						
						
						
						
						
						
						
						
						
						
						
						
						
